timestamp,pv_total,pv3,pv4,pv5,pv6,pv8,pv9,pv10,pv11
2020-05-15 00:00:00,1080.7329039988545,0.0,0.0,0.0,0.0,0.0,0.0,0.0,0.0
2020-05-15 00:15:00,1204.6988323437592,0.0,0.0,0.0,0.0,0.0,0.0,0.0,0.0
2020-05-15 00:30:00,1658.9716271317077,0.0,0.0,0.0,0.0,0.0,0.0,0.0,0.0
2020-05-15 00:45:00,905.0476851274022,0.0,0.0,0.0,0.0,0.0,0.0,0.0,0.0
2020-05-15 01:00:00,2413.8139322666025,0.0,0.0,0.0,0.0,0.0,0.0,0.0,0.0
2020-05-15 01:15:00,2817.753281120052,0.0,0.0,0.0,0.0,0.0,0.0,0.0,0.0
2020-05-15 01:30:00,687.7659689937885,0.0,0.0,0.0,0.0,0.0,0.0,0.0,0.0
2020-05-15 01:45:00,595.5593153032002,0.0,0.0,0.0,0.0,0.0,0.0,0.0,0.0
2020-05-15 02:00:00,2214.1406922974843,0.0,0.0,0.0,0.0,0.0,0.0,0.0,0.0
2020-05-15 02:15:00,1982.7250782676076,0.0,0.0,0.0,0.0,0.0,0.0,0.0,0.0
2020-05-15 02:30:00,387.3329470284734,0.0,0.0,0.0,0.0,0.0,0.0,0.0,0.0
2020-05-15 02:45:00,2552.6572696573253,0.0,0.0,0.0,0.0,0.0,0.0,0.0,0.0
2020-05-15 03:00:00,2564.2803187384557,0.0,0.0,0.0,0.0,0.0,0.0,0.0,0.0
2020-05-15 03:15:00,1361.069363596184,0.0,0.0,0.0,0.0,0.0,0.0,0.0,0.0
2020-05-15 03:30:00,1247.2283554201688,0.0,0.0,0.0,0.0,0.0,0.0,0.0,0.0
2020-05-15 03:45:00,1925.7403836222657,0.0,0.0,0.0,0.0,0.0,0.0,0.0,0.0
2020-05-15 04:00:00,863.3686382005031,0.0,0.0,0.0,0.0,0.0,0.0,0.0,0.0
2020-05-15 04:15:00,2270.4500388004094,0.0,0.0,0.0,0.0,0.0,0.0,0.0,0.0
2020-05-15 04:30:00,1835.5659626136812,0.0,0.0,0.0,0.0,0.0,0.0,0.0,0.0
2020-05-15 04:45:00,861.4239720616098,0.0,0.0,0.0,0.0,0.0,0.0,0.0,0.0
2020-05-15 05:00:00,2965.443789376798,0.0,0.0,0.0,0.0,0.0,0.0,0.0,0.0
2020-05-15 05:15:00,1095.5652757064884,0.0,0.0,0.0,0.0,0.0,0.0,0.0,0.0
2020-05-15 05:30:00,1837.2406776634084,0.0,0.0,0.0,0.0,0.0,0.0,0.0,0.0
2020-05-15 05:45:00,1268.1988373326258,0.0,0.0,0.0,0.0,0.0,0.0,0.0,0.0
2020-05-15 06:00:00,872.1160925485923,0.0,0.0,0.0,0.0,0.0,0.0,0.0,0.0
2020-05-15 06:15:00,2095.848762224367,0.0,0.0,0.0,0.0,0.0,0.0,0.0,0.0
2020-05-15 06:30:00,947.839801458013,0.0,0.0,0.0,0.0,0.0,0.0,0.0,0.0
2020-05-15 06:45:00,684.6566997960049,0.0,0.0,0.0,0.0,0.0,0.0,0.0,0.0
2020-05-15 07:00:00,2260.3105381759156,0.0,0.0,0.0,0.0,0.0,0.0,0.0,0.0
2020-05-15 07:15:00,490.4275474675603,0.0,0.0,0.0,0.0,0.0,0.0,0.0,0.0
2020-05-15 07:30:00,654.6401081868615,0.0,0.0,0.0,0.0,0.0,0.0,0.0,0.0
2020-05-15 07:45:00,747.7684555499072,0.0,0.0,0.0,0.0,0.0,0.0,0.0,0.0
2020-05-15 08:00:00,1426.5242661297636,0.0,0.0,0.0,0.0,0.0,0.0,0.0,0.0
2020-05-15 08:15:00,764.30930258636,0.0,0.0,0.0,0.0,0.0,0.0,0.0,0.0
2020-05-15 08:30:00,236.69900695934786,0.0,0.0,0.0,0.0,0.0,0.0,0.0,0.0
2020-05-15 08:45:00,606.2769458123103,0.0,0.0,0.0,0.0,0.0,0.0,0.0,0.0
2020-05-15 09:00:00,78.46866811722842,0.0,0.0,0.0,0.0,0.0,0.0,0.0,0.0
2020-05-15 09:15:00,2745.6334009465018,0.0,0.0,0.0,0.0,0.0,0.0,0.0,0.0
2020-05-15 09:30:00,639.3462965759397,0.0,0.0,0.0,0.0,0.0,0.0,0.0,0.0
2020-05-15 09:45:00,1943.2589758469585,0.0,0.0,0.0,0.0,0.0,0.0,0.0,0.0
2020-05-15 10:00:00,2384.5444711770606,0.0,0.0,0.0,0.0,0.0,0.0,0.0,0.0
2020-05-15 10:15:00,2487.9306903884208,0.0,0.0,0.0,0.0,0.0,0.0,0.0,0.0
2020-05-15 10:30:00,1412.6315438377178,0.0,0.0,0.0,0.0,0.0,0.0,0.0,0.0
2020-05-15 10:45:00,105.12998481459168,0.0,0.0,0.0,0.0,0.0,0.0,0.0,0.0
2020-05-15 11:00:00,429.430537356335,0.0,0.0,0.0,0.0,0.0,0.0,0.0,0.0
2020-05-15 11:15:00,1594.3718710228434,0.0,0.0,0.0,0.0,0.0,0.0,0.0,0.0
2020-05-15 11:30:00,73.92685782197562,0.0,0.0,0.0,0.0,0.0,0.0,0.0,0.0
2020-05-15 11:45:00,772.6344017153675,0.0,0.0,0.0,0.0,0.0,0.0,0.0,0.0
2020-05-15 12:00:00,498.7200051675039,0.0,0.0,0.0,0.0,0.0,0.0,0.0,0.0
2020-05-15 12:15:00,350.4792788011739,0.0,0.0,0.0,0.0,0.0,0.0,0.0,0.0
2020-05-15 12:30:00,2815.0364016066756,0.0,0.0,0.0,0.0,0.0,0.0,0.0,0.0
2020-05-15 12:45:00,1258.347567951138,0.0,0.0,0.0,0.0,0.0,0.0,0.0,0.0
2020-05-15 13:00:00,431.8149133082767,0.0,0.0,0.0,0.0,0.0,0.0,0.0,0.0
2020-05-15 13:15:00,388.21411892386857,0.0,0.0,0.0,0.0,0.0,0.0,0.0,0.0
2020-05-15 13:30:00,929.7488614707349,0.0,0.0,0.0,0.0,0.0,0.0,0.0,0.0
2020-05-15 13:45:00,1863.6395400848835,0.0,0.0,0.0,0.0,0.0,0.0,0.0,0.0
2020-05-15 14:00:00,1434.5380915896085,0.0,0.0,0.0,0.0,0.0,0.0,0.0,0.0
2020-05-15 14:15:00,836.5635883765391,0.0,0.0,0.0,0.0,0.0,0.0,0.0,0.0
2020-05-15 14:30:00,1695.5816082866002,0.0,0.0,0.0,0.0,0.0,0.0,0.0,0.0
2020-05-15 14:45:00,405.5453931545362,0.0,0.0,0.0,0.0,0.0,0.0,0.0,0.0
2020-05-15 15:00:00,1077.6207328593598,0.0,0.0,0.0,0.0,0.0,0.0,0.0,0.0
2020-05-15 15:15:00,445.51201892595236,0.0,0.0,0.0,0.0,0.0,0.0,0.0,0.0
2020-05-15 15:30:00,937.9702112748594,0.0,0.0,0.0,0.0,0.0,0.0,0.0,0.0
2020-05-15 15:45:00,2086.7781443954095,0.0,0.0,0.0,0.0,0.0,0.0,0.0,0.0
2020-05-15 16:00:00,1849.9386787917529,0.0,0.0,0.0,0.0,0.0,0.0,0.0,0.0
2020-05-15 16:15:00,2489.8497772594815,0.0,0.0,0.0,0.0,0.0,0.0,0.0,0.0
2020-05-15 16:30:00,2051.9689560503653,0.0,0.0,0.0,0.0,0.0,0.0,0.0,0.0
2020-05-15 16:45:00,23.406140106828733,0.0,0.0,0.0,0.0,0.0,0.0,0.0,0.0
2020-05-15 17:00:00,2646.756063168628,0.0,0.0,0.0,0.0,0.0,0.0,0.0,0.0
2020-05-15 17:15:00,1649.9689460053064,0.0,0.0,0.0,0.0,0.0,0.0,0.0,0.0
2020-05-15 17:30:00,1107.422644079201,0.0,0.0,0.0,0.0,0.0,0.0,0.0,0.0
2020-05-15 17:45:00,173.9703700245856,0.0,0.0,0.0,0.0,0.0,0.0,0.0,0.0
2020-05-15 18:00:00,2624.9494573914185,0.0,0.0,0.0,0.0,0.0,0.0,0.0,0.0
2020-05-15 18:15:00,931.578067308828,0.0,0.0,0.0,0.0,0.0,0.0,0.0,0.0
2020-05-15 18:30:00,1000.375112328612,0.0,0.0,0.0,0.0,0.0,0.0,0.0,0.0
2020-05-15 18:45:00,2095.293648339336,0.0,0.0,0.0,0.0,0.0,0.0,0.0,0.0
2020-05-15 19:00:00,430.7086679042452,0.0,0.0,0.0,0.0,0.0,0.0,0.0,0.0
2020-05-15 19:15:00,311.4547656118891,0.0,0.0,0.0,0.0,0.0,0.0,0.0,0.0
2020-05-15 19:30:00,1791.9968503319328,0.0,0.0,0.0,0.0,0.0,0.0,0.0,0.0
2020-05-15 19:45:00,2907.5474207765365,0.0,0.0,0.0,0.0,0.0,0.0,0.0,0.0
2020-05-15 20:00:00,697.9067696179989,0.0,0.0,0.0,0.0,0.0,0.0,0.0,0.0
2020-05-15 20:15:00,1288.345780715532,0.0,0.0,0.0,0.0,0.0,0.0,0.0,0.0
2020-05-15 20:30:00,2359.661416584015,0.0,0.0,0.0,0.0,0.0,0.0,0.0,0.0
2020-05-15 20:45:00,2938.594541599312,0.0,0.0,0.0,0.0,0.0,0.0,0.0,0.0
2020-05-15 21:00:00,2660.34701978252,0.0,0.0,0.0,0.0,0.0,0.0,0.0,0.0
2020-05-15 21:15:00,1864.0110523042704,0.0,0.0,0.0,0.0,0.0,0.0,0.0,0.0
2020-05-15 21:30:00,1011.5189698310045,0.0,0.0,0.0,0.0,0.0,0.0,0.0,0.0
2020-05-15 21:45:00,1786.5529483372413,0.0,0.0,0.0,0.0,0.0,0.0,0.0,0.0
2020-05-15 22:00:00,2287.8162108353004,0.0,0.0,0.0,0.0,0.0,0.0,0.0,0.0
2020-05-15 22:15:00,350.5661552209397,0.0,0.0,0.0,0.0,0.0,0.0,0.0,0.0
2020-05-15 22:30:00,1090.321488175855,0.0,0.0,0.0,0.0,0.0,0.0,0.0,0.0
2020-05-15 22:45:00,1603.2023829428251,0.0,0.0,0.0,0.0,0.0,0.0,0.0,0.0
2020-05-15 23:00:00,1111.4736141703183,0.0,0.0,0.0,0.0,0.0,0.0,0.0,0.0
2020-05-15 23:15:00,2663.506965061006,0.0,0.0,0.0,0.0,0.0,0.0,0.0,0.0
2020-05-15 23:30:00,796.2735694417595,0.0,0.0,0.0,0.0,0.0,0.0,0.0,0.0
2020-05-15 23:45:00,43.65488833951936,0.0,0.0,0.0,0.0,0.0,0.0,0.0,0.0
2020-05-16 00:00:00,2176.2140312595297,0.0,0.0,0.0,0.0,0.0,0.0,0.0,0.0
2020-05-16 00:15:00,2274.9974127338437,0.0,0.0,0.0,0.0,0.0,0.0,0.0,0.0
2020-05-16 00:30:00,2854.906039032683,0.0,0.0,0.0,0.0,0.0,0.0,0.0,0.0
2020-05-16 00:45:00,2601.5879342768244,0.0,0.0,0.0,0.0,0.0,0.0,0.0,0.0
2020-05-16 01:00:00,2621.204249399814,0.0,0.0,0.0,0.0,0.0,0.0,0.0,0.0
2020-05-16 01:15:00,503.2160438923202,0.0,0.0,0.0,0.0,0.0,0.0,0.0,0.0
2020-05-16 01:30:00,1002.3496209319799,0.0,0.0,0.0,0.0,0.0,0.0,0.0,0.0
2020-05-16 01:45:00,475.1046406602837,0.0,0.0,0.0,0.0,0.0,0.0,0.0,0.0
2020-05-16 02:00:00,1329.1562273625875,0.0,0.0,0.0,0.0,0.0,0.0,0.0,0.0
2020-05-16 02:15:00,361.9800661913324,0.0,0.0,0.0,0.0,0.0,0.0,0.0,0.0
2020-05-16 02:30:00,2745.4371162305542,0.0,0.0,0.0,0.0,0.0,0.0,0.0,0.0
2020-05-16 02:45:00,2213.404483577251,0.0,0.0,0.0,0.0,0.0,0.0,0.0,0.0
2020-05-16 03:00:00,728.4048933493941,0.0,0.0,0.0,0.0,0.0,0.0,0.0,0.0
2020-05-16 03:15:00,1498.6607335494332,0.0,0.0,0.0,0.0,0.0,0.0,0.0,0.0
2020-05-16 03:30:00,265.55407037656653,0.0,0.0,0.0,0.0,0.0,0.0,0.0,0.0
2020-05-16 03:45:00,2249.1362790471803,0.0,0.0,0.0,0.0,0.0,0.0,0.0,0.0
2020-05-16 04:00:00,1023.9348064327002,0.0,0.0,0.0,0.0,0.0,0.0,0.0,0.0
2020-05-16 04:15:00,1744.808737947743,0.0,0.0,0.0,0.0,0.0,0.0,0.0,0.0
2020-05-16 04:30:00,2301.8435800621023,0.0,0.0,0.0,0.0,0.0,0.0,0.0,0.0
2020-05-16 04:45:00,798.0023797305337,0.0,0.0,0.0,0.0,0.0,0.0,0.0,0.0
2020-05-16 05:00:00,2802.610017668484,0.0,0.0,0.0,0.0,0.0,0.0,0.0,0.0
2020-05-16 05:15:00,565.8106620758718,0.0,0.0,0.0,0.0,0.0,0.0,0.0,0.0
2020-05-16 05:30:00,2912.2151666949917,0.0,0.0,0.0,0.0,0.0,0.0,0.0,0.0
2020-05-16 05:45:00,1140.2407007348324,0.0,0.0,0.0,0.0,0.0,0.0,0.0,0.0
2020-05-16 06:00:00,56.159600718159616,0.0,0.0,0.0,0.0,0.0,0.0,0.0,0.0
2020-05-16 06:15:00,2048.0929734923047,0.0,0.0,0.0,0.0,0.0,0.0,0.0,0.0
2020-05-16 06:30:00,979.1056510409113,0.0,0.0,0.0,0.0,0.0,0.0,0.0,0.0
2020-05-16 06:45:00,711.8834982182242,0.0,0.0,0.0,0.0,0.0,0.0,0.0,0.0
2020-05-16 07:00:00,2347.436499404715,0.0,0.0,0.0,0.0,0.0,0.0,0.0,0.0
2020-05-16 07:15:00,9.496671339853435,0.0,0.0,0.0,0.0,0.0,0.0,0.0,0.0
2020-05-16 07:30:00,1351.2864861036853,0.0,0.0,0.0,0.0,0.0,0.0,0.0,0.0
2020-05-16 07:45:00,712.5170887429784,0.0,0.0,0.0,0.0,0.0,0.0,0.0,0.0
2020-05-16 08:00:00,251.31128828210635,0.0,0.0,0.0,0.0,0.0,0.0,0.0,0.0
2020-05-16 08:15:00,321.0099933497563,0.0,0.0,0.0,0.0,0.0,0.0,0.0,0.0
2020-05-16 08:30:00,2955.395190627964,0.0,0.0,0.0,0.0,0.0,0.0,0.0,0.0
2020-05-16 08:45:00,1775.4644151465318,0.0,0.0,0.0,0.0,0.0,0.0,0.0,0.0
2020-05-16 09:00:00,1411.339003510885,0.0,0.0,0.0,0.0,0.0,0.0,0.0,0.0
2020-05-16 09:15:00,2469.7735954844716,0.0,0.0,0.0,0.0,0.0,0.0,0.0,0.0
2020-05-16 09:30:00,287.78238530464097,0.0,0.0,0.0,0.0,0.0,0.0,0.0,0.0
2020-05-16 09:45:00,1333.6674371115876,0.0,0.0,0.0,0.0,0.0,0.0,0.0,0.0
2020-05-16 10:00:00,311.62340490434457,0.0,0.0,0.0,0.0,0.0,0.0,0.0,0.0
2020-05-16 10:15:00,980.7695365728334,0.0,0.0,0.0,0.0,0.0,0.0,0.0,0.0
2020-05-16 10:30:00,2188.0697972721987,0.0,0.0,0.0,0.0,0.0,0.0,0.0,0.0
2020-05-16 10:45:00,133.88690350188125,0.0,0.0,0.0,0.0,0.0,0.0,0.0,0.0
2020-05-16 11:00:00,838.2831009273347,0.0,0.0,0.0,0.0,0.0,0.0,0.0,0.0
2020-05-16 11:15:00,1249.8861871297972,0.0,0.0,0.0,0.0,0.0,0.0,0.0,0.0
2020-05-16 11:30:00,1135.1252090102018,0.0,0.0,0.0,0.0,0.0,0.0,0.0,0.0
2020-05-16 11:45:00,659.8483515663083,0.0,0.0,0.0,0.0,0.0,0.0,0.0,0.0
2020-05-16 12:00:00,256.55895942361974,0.0,0.0,0.0,0.0,0.0,0.0,0.0,0.0
2020-05-16 12:15:00,58.893355262809365,0.0,0.0,0.0,0.0,0.0,0.0,0.0,0.0
2020-05-16 12:30:00,2410.4654153414886,0.0,0.0,0.0,0.0,0.0,0.0,0.0,0.0
2020-05-16 12:45:00,1471.5622119410739,0.0,0.0,0.0,0.0,0.0,0.0,0.0,0.0
2020-05-16 13:00:00,1908.7259221097518,0.0,0.0,0.0,0.0,0.0,0.0,0.0,0.0
2020-05-16 13:15:00,1246.708855880636,0.0,0.0,0.0,0.0,0.0,0.0,0.0,0.0
2020-05-16 13:30:00,2078.5453933419717,0.0,0.0,0.0,0.0,0.0,0.0,0.0,0.0
2020-05-16 13:45:00,1000.9318974624973,0.0,0.0,0.0,0.0,0.0,0.0,0.0,0.0
2020-05-16 14:00:00,1601.6394510727462,0.0,0.0,0.0,0.0,0.0,0.0,0.0,0.0
2020-05-16 14:15:00,1263.5482496702766,0.0,0.0,0.0,0.0,0.0,0.0,0.0,0.0
2020-05-16 14:30:00,179.32547313765278,0.0,0.0,0.0,0.0,0.0,0.0,0.0,0.0
2020-05-16 14:45:00,2463.0063128553875,0.0,0.0,0.0,0.0,0.0,0.0,0.0,0.0
2020-05-16 15:00:00,1687.9786061392144,0.0,0.0,0.0,0.0,0.0,0.0,0.0,0.0
2020-05-16 15:15:00,718.0862121105321,0.0,0.0,0.0,0.0,0.0,0.0,0.0,0.0
2020-05-16 15:30:00,468.92818051685805,0.0,0.0,0.0,0.0,0.0,0.0,0.0,0.0
2020-05-16 15:45:00,2320.2300720550907,0.0,0.0,0.0,0.0,0.0,0.0,0.0,0.0
2020-05-16 16:00:00,520.2032313333949,0.0,0.0,0.0,0.0,0.0,0.0,0.0,0.0
2020-05-16 16:15:00,741.838104582763,0.0,0.0,0.0,0.0,0.0,0.0,0.0,0.0
2020-05-16 16:30:00,2563.3307457480073,0.0,0.0,0.0,0.0,0.0,0.0,0.0,0.0
2020-05-16 16:45:00,2806.1543750242927,0.0,0.0,0.0,0.0,0.0,0.0,0.0,0.0
2020-05-16 17:00:00,610.7859491796405,0.0,0.0,0.0,0.0,0.0,0.0,0.0,0.0
2020-05-16 17:15:00,2480.8727197865032,0.0,0.0,0.0,0.0,0.0,0.0,0.0,0.0
2020-05-16 17:30:00,2912.3206280723275,0.0,0.0,0.0,0.0,0.0,0.0,0.0,0.0
2020-05-16 17:45:00,2907.3241920251617,0.0,0.0,0.0,0.0,0.0,0.0,0.0,0.0
2020-05-16 18:00:00,1867.438960880129,0.0,0.0,0.0,0.0,0.0,0.0,0.0,0.0
2020-05-16 18:15:00,2860.017588780544,0.0,0.0,0.0,0.0,0.0,0.0,0.0,0.0
2020-05-16 18:30:00,645.6340391632573,0.0,0.0,0.0,0.0,0.0,0.0,0.0,0.0
2020-05-16 18:45:00,2124.237737199761,0.0,0.0,0.0,0.0,0.0,0.0,0.0,0.0
2020-05-16 19:00:00,2010.4274175188011,0.0,0.0,0.0,0.0,0.0,0.0,0.0,0.0
2020-05-16 19:15:00,253.3116143886669,0.0,0.0,0.0,0.0,0.0,0.0,0.0,0.0
2020-05-16 19:30:00,596.5194257118351,0.0,0.0,0.0,0.0,0.0,0.0,0.0,0.0
2020-05-16 19:45:00,1720.9245103993894,0.0,0.0,0.0,0.0,0.0,0.0,0.0,0.0
2020-05-16 20:00:00,2312.370333197138,0.0,0.0,0.0,0.0,0.0,0.0,0.0,0.0
2020-05-16 20:15:00,856.7486658608781,0.0,0.0,0.0,0.0,0.0,0.0,0.0,0.0
2020-05-16 20:30:00,1352.9785340860055,0.0,0.0,0.0,0.0,0.0,0.0,0.0,0.0
2020-05-16 20:45:00,2642.2304610512915,0.0,0.0,0.0,0.0,0.0,0.0,0.0,0.0
2020-05-16 21:00:00,2441.010385893535,0.0,0.0,0.0,0.0,0.0,0.0,0.0,0.0
2020-05-16 21:15:00,795.2625987685261,0.0,0.0,0.0,0.0,0.0,0.0,0.0,0.0
2020-05-16 21:30:00,1152.5062827274062,0.0,0.0,0.0,0.0,0.0,0.0,0.0,0.0
2020-05-16 21:45:00,2659.825490633001,0.0,0.0,0.0,0.0,0.0,0.0,0.0,0.0
2020-05-16 22:00:00,1418.2145883690162,0.0,0.0,0.0,0.0,0.0,0.0,0.0,0.0
2020-05-16 22:15:00,1342.3743289421625,0.0,0.0,0.0,0.0,0.0,0.0,0.0,0.0
2020-05-16 22:30:00,2540.4840095075947,0.0,0.0,0.0,0.0,0.0,0.0,0.0,0.0
2020-05-16 22:45:00,2374.0425960315797,0.0,0.0,0.0,0.0,0.0,0.0,0.0,0.0
2020-05-16 23:00:00,2430.0483849093007,0.0,0.0,0.0,0.0,0.0,0.0,0.0,0.0
2020-05-16 23:15:00,2631.6532074495813,0.0,0.0,0.0,0.0,0.0,0.0,0.0,0.0
2020-05-16 23:30:00,74.08744763446784,0.0,0.0,0.0,0.0,0.0,0.0,0.0,0.0
2020-05-16 23:45:00,1988.8842350239381,0.0,0.0,0.0,0.0,0.0,0.0,0.0,0.0
2020-05-17 00:00:00,1768.770608861145,0.0,0.0,0.0,0.0,0.0,0.0,0.0,0.0
2020-05-17 00:15:00,1387.3169270260762,0.0,0.0,0.0,0.0,0.0,0.0,0.0,0.0
2020-05-17 00:30:00,997.2210513601332,0.0,0.0,0.0,0.0,0.0,0.0,0.0,0.0
2020-05-17 00:45:00,424.2727083007094,0.0,0.0,0.0,0.0,0.0,0.0,0.0,0.0
2020-05-17 01:00:00,2344.752950928849,0.0,0.0,0.0,0.0,0.0,0.0,0.0,0.0
2020-05-17 01:15:00,1314.611718864778,0.0,0.0,0.0,0.0,0.0,0.0,0.0,0.0
2020-05-17 01:30:00,2590.782867734303,0.0,0.0,0.0,0.0,0.0,0.0,0.0,0.0
2020-05-17 01:45:00,2752.9456076792676,0.0,0.0,0.0,0.0,0.0,0.0,0.0,0.0
2020-05-17 02:00:00,2085.5567188523214,0.0,0.0,0.0,0.0,0.0,0.0,0.0,0.0
2020-05-17 02:15:00,492.2110079556341,0.0,0.0,0.0,0.0,0.0,0.0,0.0,0.0
2020-05-17 02:30:00,807.073519539939,0.0,0.0,0.0,0.0,0.0,0.0,0.0,0.0
2020-05-17 02:45:00,2218.067371294604,0.0,0.0,0.0,0.0,0.0,0.0,0.0,0.0
2020-05-17 03:00:00,2450.082244386918,0.0,0.0,0.0,0.0,0.0,0.0,0.0,0.0
2020-05-17 03:15:00,416.98087197214704,0.0,0.0,0.0,0.0,0.0,0.0,0.0,0.0
2020-05-17 03:30:00,770.7823693821873,0.0,0.0,0.0,0.0,0.0,0.0,0.0,0.0
2020-05-17 03:45:00,2424.8188441334282,0.0,0.0,0.0,0.0,0.0,0.0,0.0,0.0
2020-05-17 04:00:00,1471.9007234910812,0.0,0.0,0.0,0.0,0.0,0.0,0.0,0.0
2020-05-17 04:15:00,255.13459746326984,0.0,0.0,0.0,0.0,0.0,0.0,0.0,0.0
2020-05-17 04:30:00,588.0301564296606,0.0,0.0,0.0,0.0,0.0,0.0,0.0,0.0
2020-05-17 04:45:00,2920.234193505863,0.0,0.0,0.0,0.0,0.0,0.0,0.0,0.0
2020-05-17 05:00:00,1806.829795958094,0.0,0.0,0.0,0.0,0.0,0.0,0.0,0.0
2020-05-17 05:15:00,1377.6489846118402,0.0,0.0,0.0,0.0,0.0,0.0,0.0,0.0
2020-05-17 05:30:00,557.4267725103952,0.0,0.0,0.0,0.0,0.0,0.0,0.0,0.0
2020-05-17 05:45:00,1336.6893442735136,0.0,0.0,0.0,0.0,0.0,0.0,0.0,0.0
2020-05-17 06:00:00,2051.265584482689,0.0,0.0,0.0,0.0,0.0,0.0,0.0,0.0
2020-05-17 06:15:00,348.70753065561365,0.0,0.0,0.0,0.0,0.0,0.0,0.0,0.0
2020-05-17 06:30:00,791.406496359279,0.0,0.0,0.0,0.0,0.0,0.0,0.0,0.0
2020-05-17 06:45:00,253.04204102572382,0.0,0.0,0.0,0.0,0.0,0.0,0.0,0.0
2020-05-17 07:00:00,2985.8528230704474,0.0,0.0,0.0,0.0,0.0,0.0,0.0,0.0
2020-05-17 07:15:00,460.9994616689208,0.0,0.0,0.0,0.0,0.0,0.0,0.0,0.0
2020-05-17 07:30:00,1110.4763235241946,0.0,0.0,0.0,0.0,0.0,0.0,0.0,0.0
2020-05-17 07:45:00,2992.89256438112,0.0,0.0,0.0,0.0,0.0,0.0,0.0,0.0
2020-05-17 08:00:00,2632.0561293912942,0.0,0.0,0.0,0.0,0.0,0.0,0.0,0.0
2020-05-17 08:15:00,910.4838654467578,0.0,0.0,0.0,0.0,0.0,0.0,0.0,0.0
2020-05-17 08:30:00,782.3758750975494,0.0,0.0,0.0,0.0,0.0,0.0,0.0,0.0
2020-05-17 08:45:00,2020.7284161107257,0.0,0.0,0.0,0.0,0.0,0.0,0.0,0.0
2020-05-17 09:00:00,2908.6049684325217,0.0,0.0,0.0,0.0,0.0,0.0,0.0,0.0
2020-05-17 09:15:00,977.1940836293236,0.0,0.0,0.0,0.0,0.0,0.0,0.0,0.0
2020-05-17 09:30:00,1489.6149322257306,0.0,0.0,0.0,0.0,0.0,0.0,0.0,0.0
2020-05-17 09:45:00,418.67993264110726,0.0,0.0,0.0,0.0,0.0,0.0,0.0,0.0
2020-05-17 10:00:00,1199.025680330615,0.0,0.0,0.0,0.0,0.0,0.0,0.0,0.0
2020-05-17 10:15:00,2284.711573901435,0.0,0.0,0.0,0.0,0.0,0.0,0.0,0.0
2020-05-17 10:30:00,1802.2888732652634,0.0,0.0,0.0,0.0,0.0,0.0,0.0,0.0
2020-05-17 10:45:00,2045.286913530888,0.0,0.0,0.0,0.0,0.0,0.0,0.0,0.0
2020-05-17 11:00:00,2348.815660591131,0.0,0.0,0.0,0.0,0.0,0.0,0.0,0.0
2020-05-17 11:15:00,384.41491460608313,0.0,0.0,0.0,0.0,0.0,0.0,0.0,0.0
2020-05-17 11:30:00,2064.0837411821735,0.0,0.0,0.0,0.0,0.0,0.0,0.0,0.0
2020-05-17 11:45:00,1184.8900207320917,0.0,0.0,0.0,0.0,0.0,0.0,0.0,0.0
2020-05-17 12:00:00,536.7143816507222,0.0,0.0,0.0,0.0,0.0,0.0,0.0,0.0
2020-05-17 12:15:00,2891.604085202379,0.0,0.0,0.0,0.0,0.0,0.0,0.0,0.0
2020-05-17 12:30:00,41.58112627064436,0.0,0.0,0.0,0.0,0.0,0.0,0.0,0.0
2020-05-17 12:45:00,68.72105070310175,0.0,0.0,0.0,0.0,0.0,0.0,0.0,0.0
2020-05-17 13:00:00,769.021946568269,0.0,0.0,0.0,0.0,0.0,0.0,0.0,0.0
2020-05-17 13:15:00,1957.9247845888601,0.0,0.0,0.0,0.0,0.0,0.0,0.0,0.0
2020-05-17 13:30:00,2772.1188381594934,0.0,0.0,0.0,0.0,0.0,0.0,0.0,0.0
2020-05-17 13:45:00,942.3132982596063,0.0,0.0,0.0,0.0,0.0,0.0,0.0,0.0
2020-05-17 14:00:00,49.84279060189334,0.0,0.0,0.0,0.0,0.0,0.0,0.0,0.0
2020-05-17 14:15:00,151.98364425761613,0.0,0.0,0.0,0.0,0.0,0.0,0.0,0.0
2020-05-17 14:30:00,182.9418609643444,0.0,0.0,0.0,0.0,0.0,0.0,0.0,0.0
2020-05-17 14:45:00,2361.506592775764,0.0,0.0,0.0,0.0,0.0,0.0,0.0,0.0
2020-05-17 15:00:00,1817.1657454109948,0.0,0.0,0.0,0.0,0.0,0.0,0.0,0.0
2020-05-17 15:15:00,1281.5069321292624,0.0,0.0,0.0,0.0,0.0,0.0,0.0,0.0
2020-05-17 15:30:00,320.621921989505,0.0,0.0,0.0,0.0,0.0,0.0,0.0,0.0
2020-05-17 15:45:00,727.175626429892,0.0,0.0,0.0,0.0,0.0,0.0,0.0,0.0
2020-05-17 16:00:00,1524.0425500447723,0.0,0.0,0.0,0.0,0.0,0.0,0.0,0.0
2020-05-17 16:15:00,601.619778192699,0.0,0.0,0.0,0.0,0.0,0.0,0.0,0.0
2020-05-17 16:30:00,538.8812730973114,0.0,0.0,0.0,0.0,0.0,0.0,0.0,0.0
2020-05-17 16:45:00,728.1928766271345,0.0,0.0,0.0,0.0,0.0,0.0,0.0,0.0
2020-05-17 17:00:00,1137.9073532744703,0.0,0.0,0.0,0.0,0.0,0.0,0.0,0.0
2020-05-17 17:15:00,1779.324723441147,0.0,0.0,0.0,0.0,0.0,0.0,0.0,0.0
2020-05-17 17:30:00,273.51866466999974,0.0,0.0,0.0,0.0,0.0,0.0,0.0,0.0
2020-05-17 17:45:00,1111.2495967872114,0.0,0.0,0.0,0.0,0.0,0.0,0.0,0.0
2020-05-17 18:00:00,2376.915187394184,0.0,0.0,0.0,0.0,0.0,0.0,0.0,0.0
2020-05-17 18:15:00,2018.704774152287,0.0,0.0,0.0,0.0,0.0,0.0,0.0,0.0
2020-05-17 18:30:00,1587.236470267101,0.0,0.0,0.0,0.0,0.0,0.0,0.0,0.0
2020-05-17 18:45:00,530.2578195217434,0.0,0.0,0.0,0.0,0.0,0.0,0.0,0.0
2020-05-17 19:00:00,143.61917165871574,0.0,0.0,0.0,0.0,0.0,0.0,0.0,0.0
2020-05-17 19:15:00,812.9903629255846,0.0,0.0,0.0,0.0,0.0,0.0,0.0,0.0
2020-05-17 19:30:00,2148.683624350909,0.0,0.0,0.0,0.0,0.0,0.0,0.0,0.0
2020-05-17 19:45:00,2213.4095365688468,0.0,0.0,0.0,0.0,0.0,0.0,0.0,0.0
2020-05-17 20:00:00,2639.2885731198485,0.0,0.0,0.0,0.0,0.0,0.0,0.0,0.0
2020-05-17 20:15:00,2332.34769280887,0.0,0.0,0.0,0.0,0.0,0.0,0.0,0.0
2020-05-17 20:30:00,2149.421836547737,0.0,0.0,0.0,0.0,0.0,0.0,0.0,0.0
2020-05-17 20:45:00,1098.3423190714586,0.0,0.0,0.0,0.0,0.0,0.0,0.0,0.0
2020-05-17 21:00:00,307.73645344997334,0.0,0.0,0.0,0.0,0.0,0.0,0.0,0.0
2020-05-17 21:15:00,252.34102891095222,0.0,0.0,0.0,0.0,0.0,0.0,0.0,0.0
2020-05-17 21:30:00,1898.0152271427792,0.0,0.0,0.0,0.0,0.0,0.0,0.0,0.0
2020-05-17 21:45:00,1828.7396666200211,0.0,0.0,0.0,0.0,0.0,0.0,0.0,0.0
2020-05-17 22:00:00,1519.7531317726423,0.0,0.0,0.0,0.0,0.0,0.0,0.0,0.0
2020-05-17 22:15:00,2751.151325995606,0.0,0.0,0.0,0.0,0.0,0.0,0.0,0.0
2020-05-17 22:30:00,676.0452534849495,0.0,0.0,0.0,0.0,0.0,0.0,0.0,0.0
2020-05-17 22:45:00,1421.166468637625,0.0,0.0,0.0,0.0,0.0,0.0,0.0,0.0
2020-05-17 23:00:00,912.7371512159916,0.0,0.0,0.0,0.0,0.0,0.0,0.0,0.0
2020-05-17 23:15:00,2927.6360335387913,0.0,0.0,0.0,0.0,0.0,0.0,0.0,0.0
2020-05-17 23:30:00,1670.0739315804747,0.0,0.0,0.0,0.0,0.0,0.0,0.0,0.0
2020-05-17 23:45:00,2709.5894726584584,0.0,0.0,0.0,0.0,0.0,0.0,0.0,0.0
2020-05-18 00:00:00,656.8820060752524,0.0,0.0,0.0,0.0,0.0,0.0,0.0,0.0
2020-05-18 00:15:00,62.04561532992447,0.0,0.0,0.0,0.0,0.0,0.0,0.0,0.0
2020-05-18 00:30:00,2967.3859069213213,0.0,0.0,0.0,0.0,0.0,0.0,0.0,0.0
2020-05-18 00:45:00,1774.567528441694,0.0,0.0,0.0,0.0,0.0,0.0,0.0,0.0
2020-05-18 01:00:00,1693.3055159123865,0.0,0.0,0.0,0.0,0.0,0.0,0.0,0.0
2020-05-18 01:15:00,1963.9965755760545,0.0,0.0,0.0,0.0,0.0,0.0,0.0,0.0
2020-05-18 01:30:00,1557.7075248629367,0.0,0.0,0.0,0.0,0.0,0.0,0.0,0.0
2020-05-18 01:45:00,1336.987176414712,0.0,0.0,0.0,0.0,0.0,0.0,0.0,0.0
2020-05-18 02:00:00,2543.887297791275,0.0,0.0,0.0,0.0,0.0,0.0,0.0,0.0
2020-05-18 02:15:00,1988.2857603767463,0.0,0.0,0.0,0.0,0.0,0.0,0.0,0.0
2020-05-18 02:30:00,1126.4194371325946,0.0,0.0,0.0,0.0,0.0,0.0,0.0,0.0
2020-05-18 02:45:00,1704.3084130199975,0.0,0.0,0.0,0.0,0.0,0.0,0.0,0.0
2020-05-18 03:00:00,562.277565727102,0.0,0.0,0.0,0.0,0.0,0.0,0.0,0.0
2020-05-18 03:15:00,911.0092484990648,0.0,0.0,0.0,0.0,0.0,0.0,0.0,0.0
2020-05-18 03:30:00,437.3648219683765,0.0,0.0,0.0,0.0,0.0,0.0,0.0,0.0
2020-05-18 03:45:00,1246.31638784473,0.0,0.0,0.0,0.0,0.0,0.0,0.0,0.0
2020-05-18 04:00:00,1870.2626971166674,0.0,0.0,0.0,0.0,0.0,0.0,0.0,0.0
2020-05-18 04:15:00,2774.359157931737,0.0,0.0,0.0,0.0,0.0,0.0,0.0,0.0
2020-05-18 04:30:00,2679.39031444647,0.0,0.0,0.0,0.0,0.0,0.0,0.0,0.0
2020-05-18 04:45:00,1383.3958507356622,0.0,0.0,0.0,0.0,0.0,0.0,0.0,0.0
2020-05-18 05:00:00,1227.3882895463412,0.0,0.0,0.0,0.0,0.0,0.0,0.0,0.0
2020-05-18 05:15:00,550.4252054380701,0.0,0.0,0.0,0.0,0.0,0.0,0.0,0.0
2020-05-18 05:30:00,1420.7751911931296,0.0,0.0,0.0,0.0,0.0,0.0,0.0,0.0
2020-05-18 05:45:00,310.0701846088685,0.0,0.0,0.0,0.0,0.0,0.0,0.0,0.0
2020-05-18 06:00:00,2561.0376635623975,0.0,0.0,0.0,0.0,0.0,0.0,0.0,0.0
2020-05-18 06:15:00,2036.3066982228177,0.0,0.0,0.0,0.0,0.0,0.0,0.0,0.0
2020-05-18 06:30:00,2265.390298920477,0.0,0.0,0.0,0.0,0.0,0.0,0.0,0.0
2020-05-18 06:45:00,2286.5692582925867,0.0,0.0,0.0,0.0,0.0,0.0,0.0,0.0
2020-05-18 07:00:00,2498.856196312684,0.0,0.0,0.0,0.0,0.0,0.0,0.0,0.0
2020-05-18 07:15:00,1866.7487374519624,0.0,0.0,0.0,0.0,0.0,0.0,0.0,0.0
2020-05-18 07:30:00,2758.391972521102,0.0,0.0,0.0,0.0,0.0,0.0,0.0,0.0
2020-05-18 07:45:00,1935.0624177590498,0.0,0.0,0.0,0.0,0.0,0.0,0.0,0.0
2020-05-18 08:00:00,1264.228736800817,0.0,0.0,0.0,0.0,0.0,0.0,0.0,0.0
2020-05-18 08:15:00,2051.061498926551,0.0,0.0,0.0,0.0,0.0,0.0,0.0,0.0
2020-05-18 08:30:00,467.5768542577833,0.0,0.0,0.0,0.0,0.0,0.0,0.0,0.0
2020-05-18 08:45:00,2528.568348462748,0.0,0.0,0.0,0.0,0.0,0.0,0.0,0.0
2020-05-18 09:00:00,834.9708880042806,0.0,0.0,0.0,0.0,0.0,0.0,0.0,0.0
2020-05-18 09:15:00,337.3369965527955,0.0,0.0,0.0,0.0,0.0,0.0,0.0,0.0
2020-05-18 09:30:00,838.2843642788634,0.0,0.0,0.0,0.0,0.0,0.0,0.0,0.0
2020-05-18 09:45:00,2583.137234721886,0.0,0.0,0.0,0.0,0.0,0.0,0.0,0.0
2020-05-18 10:00:00,2436.9422007216544,0.0,0.0,0.0,0.0,0.0,0.0,0.0,0.0
2020-05-18 10:15:00,403.2457549204543,0.0,0.0,0.0,0.0,0.0,0.0,0.0,0.0
2020-05-18 10:30:00,1284.840978137756,0.0,0.0,0.0,0.0,0.0,0.0,0.0,0.0
2020-05-18 10:45:00,2838.6677614960845,0.0,0.0,0.0,0.0,0.0,0.0,0.0,0.0
2020-05-18 11:00:00,2789.9044012142476,0.0,0.0,0.0,0.0,0.0,0.0,0.0,0.0
2020-05-18 11:15:00,267.05564514812187,0.0,0.0,0.0,0.0,0.0,0.0,0.0,0.0
2020-05-18 11:30:00,29.666516307857105,0.0,0.0,0.0,0.0,0.0,0.0,0.0,0.0
2020-05-18 11:45:00,1120.3868099395092,0.0,0.0,0.0,0.0,0.0,0.0,0.0,0.0
2020-05-18 12:00:00,18.99355056851404,0.0,0.0,0.0,0.0,0.0,0.0,0.0,0.0
2020-05-18 12:15:00,397.50686761959287,0.0,0.0,0.0,0.0,0.0,0.0,0.0,0.0
2020-05-18 12:30:00,123.09901230985277,0.0,0.0,0.0,0.0,0.0,0.0,0.0,0.0
2020-05-18 12:45:00,545.5920440528218,0.0,0.0,0.0,0.0,0.0,0.0,0.0,0.0
2020-05-18 13:00:00,815.4070732703635,0.0,0.0,0.0,0.0,0.0,0.0,0.0,0.0
2020-05-18 13:15:00,430.4516258164407,0.0,0.0,0.0,0.0,0.0,0.0,0.0,0.0
2020-05-18 13:30:00,94.29950132831533,0.0,0.0,0.0,0.0,0.0,0.0,0.0,0.0
2020-05-18 13:45:00,2956.1010464550986,0.0,0.0,0.0,0.0,0.0,0.0,0.0,0.0
2020-05-18 14:00:00,2761.7509986263567,0.0,0.0,0.0,0.0,0.0,0.0,0.0,0.0
2020-05-18 14:15:00,1454.1832593768897,0.0,0.0,0.0,0.0,0.0,0.0,0.0,0.0
2020-05-18 14:30:00,53.913935220179845,0.0,0.0,0.0,0.0,0.0,0.0,0.0,0.0
2020-05-18 14:45:00,1444.69287106835,0.0,0.0,0.0,0.0,0.0,0.0,0.0,0.0
2020-05-18 15:00:00,2653.779413207253,0.0,0.0,0.0,0.0,0.0,0.0,0.0,0.0
2020-05-18 15:15:00,1066.9534798587713,0.0,0.0,0.0,0.0,0.0,0.0,0.0,0.0
2020-05-18 15:30:00,2527.9694227890136,0.0,0.0,0.0,0.0,0.0,0.0,0.0,0.0
2020-05-18 15:45:00,958.9137619656736,0.0,0.0,0.0,0.0,0.0,0.0,0.0,0.0
2020-05-18 16:00:00,610.1339511639902,0.0,0.0,0.0,0.0,0.0,0.0,0.0,0.0
2020-05-18 16:15:00,1886.2575656012662,0.0,0.0,0.0,0.0,0.0,0.0,0.0,0.0
2020-05-18 16:30:00,1138.9187886240413,0.0,0.0,0.0,0.0,0.0,0.0,0.0,0.0
2020-05-18 16:45:00,80.30783566664934,0.0,0.0,0.0,0.0,0.0,0.0,0.0,0.0
2020-05-18 17:00:00,1870.4344101605104,0.0,0.0,0.0,0.0,0.0,0.0,0.0,0.0
2020-05-18 17:15:00,53.13270791001423,0.0,0.0,0.0,0.0,0.0,0.0,0.0,0.0
2020-05-18 17:30:00,2312.3897370780555,0.0,0.0,0.0,0.0,0.0,0.0,0.0,0.0
2020-05-18 17:45:00,2701.2196274283397,0.0,0.0,0.0,0.0,0.0,0.0,0.0,0.0
2020-05-18 18:00:00,58.459964879625346,0.0,0.0,0.0,0.0,0.0,0.0,0.0,0.0
2020-05-18 18:15:00,2093.099266306197,0.0,0.0,0.0,0.0,0.0,0.0,0.0,0.0
2020-05-18 18:30:00,1783.8140520997874,0.0,0.0,0.0,0.0,0.0,0.0,0.0,0.0
2020-05-18 18:45:00,1767.8198631712555,0.0,0.0,0.0,0.0,0.0,0.0,0.0,0.0
2020-05-18 19:00:00,2785.004445373465,0.0,0.0,0.0,0.0,0.0,0.0,0.0,0.0
2020-05-18 19:15:00,58.310694741650515,0.0,0.0,0.0,0.0,0.0,0.0,0.0,0.0
2020-05-18 19:30:00,2994.0595655680545,0.0,0.0,0.0,0.0,0.0,0.0,0.0,0.0
2020-05-18 19:45:00,675.9727700601545,0.0,0.0,0.0,0.0,0.0,0.0,0.0,0.0
2020-05-18 20:00:00,2033.379136490322,0.0,0.0,0.0,0.0,0.0,0.0,0.0,0.0
2020-05-18 20:15:00,805.7877003108977,0.0,0.0,0.0,0.0,0.0,0.0,0.0,0.0
2020-05-18 20:30:00,1065.2738024687346,0.0,0.0,0.0,0.0,0.0,0.0,0.0,0.0
2020-05-18 20:45:00,2285.6635302664995,0.0,0.0,0.0,0.0,0.0,0.0,0.0,0.0
2020-05-18 21:00:00,655.3618381493452,0.0,0.0,0.0,0.0,0.0,0.0,0.0,0.0
2020-05-18 21:15:00,1372.6611227732958,0.0,0.0,0.0,0.0,0.0,0.0,0.0,0.0
2020-05-18 21:30:00,176.27908710837315,0.0,0.0,0.0,0.0,0.0,0.0,0.0,0.0
2020-05-18 21:45:00,1971.1475530280127,0.0,0.0,0.0,0.0,0.0,0.0,0.0,0.0
2020-05-18 22:00:00,957.9647224490017,0.0,0.0,0.0,0.0,0.0,0.0,0.0,0.0
2020-05-18 22:15:00,177.87047975592418,0.0,0.0,0.0,0.0,0.0,0.0,0.0,0.0
2020-05-18 22:30:00,2846.1438091623622,0.0,0.0,0.0,0.0,0.0,0.0,0.0,0.0
2020-05-18 22:45:00,1546.848745100017,0.0,0.0,0.0,0.0,0.0,0.0,0.0,0.0
2020-05-18 23:00:00,1611.3879280324345,0.0,0.0,0.0,0.0,0.0,0.0,0.0,0.0
2020-05-18 23:15:00,270.3550710198599,0.0,0.0,0.0,0.0,0.0,0.0,0.0,0.0
2020-05-18 23:30:00,2817.177137660526,0.0,0.0,0.0,0.0,0.0,0.0,0.0,0.0
2020-05-18 23:45:00,1325.7681550965563,0.0,0.0,0.0,0.0,0.0,0.0,0.0,0.0
2020-05-19 00:00:00,2967.664673470023,0.0,0.0,0.0,0.0,0.0,0.0,0.0,0.0
2020-05-19 00:15:00,507.4920654083893,0.0,0.0,0.0,0.0,0.0,0.0,0.0,0.0
2020-05-19 00:30:00,2768.3059493169394,0.0,0.0,0.0,0.0,0.0,0.0,0.0,0.0
2020-05-19 00:45:00,1527.343833423743,0.0,0.0,0.0,0.0,0.0,0.0,0.0,0.0
2020-05-19 01:00:00,1886.2048949731034,0.0,0.0,0.0,0.0,0.0,0.0,0.0,0.0
2020-05-19 01:15:00,2294.415865862062,0.0,0.0,0.0,0.0,0.0,0.0,0.0,0.0
2020-05-19 01:30:00,1237.736430536529,0.0,0.0,0.0,0.0,0.0,0.0,0.0,0.0
2020-05-19 01:45:00,845.7802213352031,0.0,0.0,0.0,0.0,0.0,0.0,0.0,0.0
2020-05-19 02:00:00,1969.013158494144,0.0,0.0,0.0,0.0,0.0,0.0,0.0,0.0
2020-05-19 02:15:00,2309.5311784471296,0.0,0.0,0.0,0.0,0.0,0.0,0.0,0.0
2020-05-19 02:30:00,2532.4980966417515,0.0,0.0,0.0,0.0,0.0,0.0,0.0,0.0
2020-05-19 02:45:00,1415.7131841336732,0.0,0.0,0.0,0.0,0.0,0.0,0.0,0.0
2020-05-19 03:00:00,1087.0760408214135,0.0,0.0,0.0,0.0,0.0,0.0,0.0,0.0
2020-05-19 03:15:00,198.31255700366134,0.0,0.0,0.0,0.0,0.0,0.0,0.0,0.0
2020-05-19 03:30:00,1542.5991170647783,0.0,0.0,0.0,0.0,0.0,0.0,0.0,0.0
2020-05-19 03:45:00,206.36675218517263,0.0,0.0,0.0,0.0,0.0,0.0,0.0,0.0
2020-05-19 04:00:00,2778.055365047498,0.0,0.0,0.0,0.0,0.0,0.0,0.0,0.0
2020-05-19 04:15:00,1179.5170005693146,0.0,0.0,0.0,0.0,0.0,0.0,0.0,0.0
2020-05-19 04:30:00,2129.220814643918,0.0,0.0,0.0,0.0,0.0,0.0,0.0,0.0
2020-05-19 04:45:00,2854.9188692638227,0.0,0.0,0.0,0.0,0.0,0.0,0.0,0.0
2020-05-19 05:00:00,2022.8069774837236,0.0,0.0,0.0,0.0,0.0,0.0,0.0,0.0
2020-05-19 05:15:00,1124.5843024765297,0.0,0.0,0.0,0.0,0.0,0.0,0.0,0.0
2020-05-19 05:30:00,2649.9439729671326,0.0,0.0,0.0,0.0,0.0,0.0,0.0,0.0
2020-05-19 05:45:00,1226.4442908295691,0.0,0.0,0.0,0.0,0.0,0.0,0.0,0.0
2020-05-19 06:00:00,1307.65996446543,0.0,0.0,0.0,0.0,0.0,0.0,0.0,0.0
2020-05-19 06:15:00,19.91418145486856,0.0,0.0,0.0,0.0,0.0,0.0,0.0,0.0
2020-05-19 06:30:00,2023.2036871277492,0.0,0.0,0.0,0.0,0.0,0.0,0.0,0.0
2020-05-19 06:45:00,2542.567819430352,0.0,0.0,0.0,0.0,0.0,0.0,0.0,0.0
2020-05-19 07:00:00,1518.3088621839318,0.0,0.0,0.0,0.0,0.0,0.0,0.0,0.0
2020-05-19 07:15:00,967.1827429447226,0.0,0.0,0.0,0.0,0.0,0.0,0.0,0.0
2020-05-19 07:30:00,327.64654435108054,0.0,0.0,0.0,0.0,0.0,0.0,0.0,0.0
2020-05-19 07:45:00,843.7479964641382,0.0,0.0,0.0,0.0,0.0,0.0,0.0,0.0
2020-05-19 08:00:00,2115.58012088611,0.0,0.0,0.0,0.0,0.0,0.0,0.0,0.0
2020-05-19 08:15:00,627.0851038035955,0.0,0.0,0.0,0.0,0.0,0.0,0.0,0.0
2020-05-19 08:30:00,1634.5392394605233,0.0,0.0,0.0,0.0,0.0,0.0,0.0,0.0
2020-05-19 08:45:00,1108.72367563926,0.0,0.0,0.0,0.0,0.0,0.0,0.0,0.0
2020-05-19 09:00:00,1729.7460407729761,0.0,0.0,0.0,0.0,0.0,0.0,0.0,0.0
2020-05-19 09:15:00,626.5150828282802,0.0,0.0,0.0,0.0,0.0,0.0,0.0,0.0
2020-05-19 09:30:00,1377.7300477323538,0.0,0.0,0.0,0.0,0.0,0.0,0.0,0.0
2020-05-19 09:45:00,1372.1705171064991,0.0,0.0,0.0,0.0,0.0,0.0,0.0,0.0
2020-05-19 10:00:00,1291.1138081497243,0.0,0.0,0.0,0.0,0.0,0.0,0.0,0.0
2020-05-19 10:15:00,379.5364658429384,0.0,0.0,0.0,0.0,0.0,0.0,0.0,0.0
2020-05-19 10:30:00,725.7256681013517,0.0,0.0,0.0,0.0,0.0,0.0,0.0,0.0
2020-05-19 10:45:00,2177.441440352785,0.0,0.0,0.0,0.0,0.0,0.0,0.0,0.0
2020-05-19 11:00:00,2401.3854091178546,0.0,0.0,0.0,0.0,0.0,0.0,0.0,0.0
2020-05-19 11:15:00,1583.282511333435,0.0,0.0,0.0,0.0,0.0,0.0,0.0,0.0
2020-05-19 11:30:00,2787.8231029981466,0.0,0.0,0.0,0.0,0.0,0.0,0.0,0.0
2020-05-19 11:45:00,1280.5248366109568,0.0,0.0,0.0,0.0,0.0,0.0,0.0,0.0
2020-05-19 12:00:00,1276.5327574078215,0.0,0.0,0.0,0.0,0.0,0.0,0.0,0.0
2020-05-19 12:15:00,873.5889000742708,0.0,0.0,0.0,0.0,0.0,0.0,0.0,0.0
2020-05-19 12:30:00,2495.1362374482824,0.0,0.0,0.0,0.0,0.0,0.0,0.0,0.0
2020-05-19 12:45:00,1486.87079182727,0.0,0.0,0.0,0.0,0.0,0.0,0.0,0.0
2020-05-19 13:00:00,68.64957471136479,0.0,0.0,0.0,0.0,0.0,0.0,0.0,0.0
2020-05-19 13:15:00,306.6761100131371,0.0,0.0,0.0,0.0,0.0,0.0,0.0,0.0
2020-05-19 13:30:00,2699.578420680084,0.0,0.0,0.0,0.0,0.0,0.0,0.0,0.0
2020-05-19 13:45:00,15.941188916503757,0.0,0.0,0.0,0.0,0.0,0.0,0.0,0.0
2020-05-19 14:00:00,2455.0002429224633,0.0,0.0,0.0,0.0,0.0,0.0,0.0,0.0
2020-05-19 14:15:00,124.38887597782788,0.0,0.0,0.0,0.0,0.0,0.0,0.0,0.0
2020-05-19 14:30:00,723.7753450716369,0.0,0.0,0.0,0.0,0.0,0.0,0.0,0.0
2020-05-19 14:45:00,154.3403258520406,0.0,0.0,0.0,0.0,0.0,0.0,0.0,0.0
2020-05-19 15:00:00,1704.6308708538777,0.0,0.0,0.0,0.0,0.0,0.0,0.0,0.0
2020-05-19 15:15:00,2604.3140915131507,0.0,0.0,0.0,0.0,0.0,0.0,0.0,0.0
2020-05-19 15:30:00,26.198123597279576,0.0,0.0,0.0,0.0,0.0,0.0,0.0,0.0
2020-05-19 15:45:00,1152.1183830700588,0.0,0.0,0.0,0.0,0.0,0.0,0.0,0.0
2020-05-19 16:00:00,2319.8060991857355,0.0,0.0,0.0,0.0,0.0,0.0,0.0,0.0
2020-05-19 16:15:00,2721.6202461996045,0.0,0.0,0.0,0.0,0.0,0.0,0.0,0.0
2020-05-19 16:30:00,2962.504003317905,0.0,0.0,0.0,0.0,0.0,0.0,0.0,0.0
2020-05-19 16:45:00,775.735883566508,0.0,0.0,0.0,0.0,0.0,0.0,0.0,0.0
2020-05-19 17:00:00,924.3324041140435,0.0,0.0,0.0,0.0,0.0,0.0,0.0,0.0
2020-05-19 17:15:00,1493.2877529036866,0.0,0.0,0.0,0.0,0.0,0.0,0.0,0.0
2020-05-19 17:30:00,2931.0404670763087,0.0,0.0,0.0,0.0,0.0,0.0,0.0,0.0
2020-05-19 17:45:00,1034.9372090903125,0.0,0.0,0.0,0.0,0.0,0.0,0.0,0.0
2020-05-19 18:00:00,2301.6680710020405,0.0,0.0,0.0,0.0,0.0,0.0,0.0,0.0
2020-05-19 18:15:00,2723.570253404685,0.0,0.0,0.0,0.0,0.0,0.0,0.0,0.0
2020-05-19 18:30:00,497.3267031864322,0.0,0.0,0.0,0.0,0.0,0.0,0.0,0.0
2020-05-19 18:45:00,648.7516012189519,0.0,0.0,0.0,0.0,0.0,0.0,0.0,0.0
2020-05-19 19:00:00,1368.1477897228535,0.0,0.0,0.0,0.0,0.0,0.0,0.0,0.0
2020-05-19 19:15:00,316.19386627715886,0.0,0.0,0.0,0.0,0.0,0.0,0.0,0.0
2020-05-19 19:30:00,1495.9884798282135,0.0,0.0,0.0,0.0,0.0,0.0,0.0,0.0
2020-05-19 19:45:00,1731.0766075019606,0.0,0.0,0.0,0.0,0.0,0.0,0.0,0.0
2020-05-19 20:00:00,277.8263982128597,0.0,0.0,0.0,0.0,0.0,0.0,0.0,0.0
2020-05-19 20:15:00,1829.4541947120301,0.0,0.0,0.0,0.0,0.0,0.0,0.0,0.0
2020-05-19 20:30:00,2078.947058404717,0.0,0.0,0.0,0.0,0.0,0.0,0.0,0.0
2020-05-19 20:45:00,508.9044699311445,0.0,0.0,0.0,0.0,0.0,0.0,0.0,0.0
2020-05-19 21:00:00,2978.2680568626697,0.0,0.0,0.0,0.0,0.0,0.0,0.0,0.0
2020-05-19 21:15:00,2397.7980396416815,0.0,0.0,0.0,0.0,0.0,0.0,0.0,0.0
2020-05-19 21:30:00,1928.3786585810824,0.0,0.0,0.0,0.0,0.0,0.0,0.0,0.0
2020-05-19 21:45:00,2370.6726498167036,0.0,0.0,0.0,0.0,0.0,0.0,0.0,0.0
2020-05-19 22:00:00,334.7809589397116,0.0,0.0,0.0,0.0,0.0,0.0,0.0,0.0
2020-05-19 22:15:00,2908.420355098413,0.0,0.0,0.0,0.0,0.0,0.0,0.0,0.0
2020-05-19 22:30:00,74.662230716116,0.0,0.0,0.0,0.0,0.0,0.0,0.0,0.0
2020-05-19 22:45:00,1361.5128910772773,0.0,0.0,0.0,0.0,0.0,0.0,0.0,0.0
2020-05-19 23:00:00,1825.076916153352,0.0,0.0,0.0,0.0,0.0,0.0,0.0,0.0
2020-05-19 23:15:00,595.7388847626911,0.0,0.0,0.0,0.0,0.0,0.0,0.0,0.0
2020-05-19 23:30:00,1066.2371597271658,0.0,0.0,0.0,0.0,0.0,0.0,0.0,0.0
2020-05-19 23:45:00,2592.5800012470986,0.0,0.0,0.0,0.0,0.0,0.0,0.0,0.0
2020-05-20 00:00:00,1086.122657655047,0.0,0.0,0.0,0.0,0.0,0.0,0.0,0.0
2020-05-20 00:15:00,949.2437911932766,0.0,0.0,0.0,0.0,0.0,0.0,0.0,0.0
2020-05-20 00:30:00,2490.880806020178,0.0,0.0,0.0,0.0,0.0,0.0,0.0,0.0
2020-05-20 00:45:00,313.34575755531023,0.0,0.0,0.0,0.0,0.0,0.0,0.0,0.0
2020-05-20 01:00:00,2542.8601417696814,0.0,0.0,0.0,0.0,0.0,0.0,0.0,0.0
2020-05-20 01:15:00,442.4582252833164,0.0,0.0,0.0,0.0,0.0,0.0,0.0,0.0
2020-05-20 01:30:00,1721.7910886980878,0.0,0.0,0.0,0.0,0.0,0.0,0.0,0.0
2020-05-20 01:45:00,1601.5392053387473,0.0,0.0,0.0,0.0,0.0,0.0,0.0,0.0
2020-05-20 02:00:00,2626.2787963358596,0.0,0.0,0.0,0.0,0.0,0.0,0.0,0.0
2020-05-20 02:15:00,15.884281649652943,0.0,0.0,0.0,0.0,0.0,0.0,0.0,0.0
2020-05-20 02:30:00,1883.502731155626,0.0,0.0,0.0,0.0,0.0,0.0,0.0,0.0
2020-05-20 02:45:00,169.78767579480626,0.0,0.0,0.0,0.0,0.0,0.0,0.0,0.0
2020-05-20 03:00:00,1622.7384850484848,0.0,0.0,0.0,0.0,0.0,0.0,0.0,0.0
2020-05-20 03:15:00,2237.9680365695413,0.0,0.0,0.0,0.0,0.0,0.0,0.0,0.0
2020-05-20 03:30:00,715.7713351915056,0.0,0.0,0.0,0.0,0.0,0.0,0.0,0.0
2020-05-20 03:45:00,26.594073226899773,0.0,0.0,0.0,0.0,0.0,0.0,0.0,0.0
2020-05-20 04:00:00,2570.013106884347,0.0,0.0,0.0,0.0,0.0,0.0,0.0,0.0
2020-05-20 04:15:00,824.6062371598667,0.0,0.0,0.0,0.0,0.0,0.0,0.0,0.0
2020-05-20 04:30:00,144.10835237751508,0.0,0.0,0.0,0.0,0.0,0.0,0.0,0.0
2020-05-20 04:45:00,2419.51789346327,0.0,0.0,0.0,0.0,0.0,0.0,0.0,0.0
2020-05-20 05:00:00,1809.7400388582557,0.0,0.0,0.0,0.0,0.0,0.0,0.0,0.0
2020-05-20 05:15:00,2814.9069198082793,0.0,0.0,0.0,0.0,0.0,0.0,0.0,0.0
2020-05-20 05:30:00,2429.739567458123,0.0,0.0,0.0,0.0,0.0,0.0,0.0,0.0
2020-05-20 05:45:00,2863.611251367191,0.0,0.0,0.0,0.0,0.0,0.0,0.0,0.0
2020-05-20 06:00:00,627.1684930476983,0.0,0.0,0.0,0.0,0.0,0.0,0.0,0.0
2020-05-20 06:15:00,323.00437073059516,0.0,0.0,0.0,0.0,0.0,0.0,0.0,0.0
2020-05-20 06:30:00,553.6002618181698,0.0,0.0,0.0,0.0,0.0,0.0,0.0,0.0
2020-05-20 06:45:00,1205.7890475685058,0.0,0.0,0.0,0.0,0.0,0.0,0.0,0.0
2020-05-20 07:00:00,1859.727854510805,0.0,0.0,0.0,0.0,0.0,0.0,0.0,0.0
2020-05-20 07:15:00,2952.9670219929276,0.0,0.0,0.0,0.0,0.0,0.0,0.0,0.0
2020-05-20 07:30:00,2613.7581496936086,0.0,0.0,0.0,0.0,0.0,0.0,0.0,0.0
2020-05-20 07:45:00,1503.7209094961934,0.0,0.0,0.0,0.0,0.0,0.0,0.0,0.0
2020-05-20 08:00:00,457.77273585854107,0.0,0.0,0.0,0.0,0.0,0.0,0.0,0.0
2020-05-20 08:15:00,1027.5328851795796,0.0,0.0,0.0,0.0,0.0,0.0,0.0,0.0
2020-05-20 08:30:00,488.2563298449297,0.0,0.0,0.0,0.0,0.0,0.0,0.0,0.0
2020-05-20 08:45:00,1878.0003842147,0.0,0.0,0.0,0.0,0.0,0.0,0.0,0.0
2020-05-20 09:00:00,1360.8227061569546,0.0,0.0,0.0,0.0,0.0,0.0,0.0,0.0
2020-05-20 09:15:00,477.9009229291511,0.0,0.0,0.0,0.0,0.0,0.0,0.0,0.0
2020-05-20 09:30:00,2.9278390050142544,0.0,0.0,0.0,0.0,0.0,0.0,0.0,0.0
2020-05-20 09:45:00,309.82333430831375,0.0,0.0,0.0,0.0,0.0,0.0,0.0,0.0
2020-05-20 10:00:00,2236.488554105098,0.0,0.0,0.0,0.0,0.0,0.0,0.0,0.0
2020-05-20 10:15:00,2028.213585510617,0.0,0.0,0.0,0.0,0.0,0.0,0.0,0.0
2020-05-20 10:30:00,2480.4133227585717,0.0,0.0,0.0,0.0,0.0,0.0,0.0,0.0
2020-05-20 10:45:00,328.01274379592206,0.0,0.0,0.0,0.0,0.0,0.0,0.0,0.0
2020-05-20 11:00:00,2800.49881970351,0.0,0.0,0.0,0.0,0.0,0.0,0.0,0.0
2020-05-20 11:15:00,2732.945297049953,0.0,0.0,0.0,0.0,0.0,0.0,0.0,0.0
2020-05-20 11:30:00,709.7154662333245,0.0,0.0,0.0,0.0,0.0,0.0,0.0,0.0
2020-05-20 11:45:00,2934.68697136556,0.0,0.0,0.0,0.0,0.0,0.0,0.0,0.0
2020-05-20 12:00:00,543.0264976782984,0.0,0.0,0.0,0.0,0.0,0.0,0.0,0.0
2020-05-20 12:15:00,1988.1693676051011,0.0,0.0,0.0,0.0,0.0,0.0,0.0,0.0
2020-05-20 12:30:00,22.87895320084532,0.0,0.0,0.0,0.0,0.0,0.0,0.0,0.0
2020-05-20 12:45:00,637.9548738014191,0.0,0.0,0.0,0.0,0.0,0.0,0.0,0.0
2020-05-20 13:00:00,840.3983918144177,0.0,0.0,0.0,0.0,0.0,0.0,0.0,0.0
2020-05-20 13:15:00,2122.303647344098,0.0,0.0,0.0,0.0,0.0,0.0,0.0,0.0
2020-05-20 13:30:00,2743.080215784639,0.0,0.0,0.0,0.0,0.0,0.0,0.0,0.0
2020-05-20 13:45:00,2350.3794834313603,0.0,0.0,0.0,0.0,0.0,0.0,0.0,0.0
2020-05-20 14:00:00,2462.3921057675648,0.0,0.0,0.0,0.0,0.0,0.0,0.0,0.0
2020-05-20 14:15:00,2737.3930293315066,0.0,0.0,0.0,0.0,0.0,0.0,0.0,0.0
2020-05-20 14:30:00,1270.6132524769182,0.0,0.0,0.0,0.0,0.0,0.0,0.0,0.0
2020-05-20 14:45:00,1623.1309327492659,0.0,0.0,0.0,0.0,0.0,0.0,0.0,0.0
2020-05-20 15:00:00,47.8053687059129,0.0,0.0,0.0,0.0,0.0,0.0,0.0,0.0
2020-05-20 15:15:00,2858.442463708856,0.0,0.0,0.0,0.0,0.0,0.0,0.0,0.0
2020-05-20 15:30:00,2014.8547365702866,0.0,0.0,0.0,0.0,0.0,0.0,0.0,0.0
2020-05-20 15:45:00,1930.1844266077344,0.0,0.0,0.0,0.0,0.0,0.0,0.0,0.0
2020-05-20 16:00:00,1247.0633100275318,0.0,0.0,0.0,0.0,0.0,0.0,0.0,0.0
2020-05-20 16:15:00,2355.7529120859735,0.0,0.0,0.0,0.0,0.0,0.0,0.0,0.0
2020-05-20 16:30:00,591.8524038916615,0.0,0.0,0.0,0.0,0.0,0.0,0.0,0.0
2020-05-20 16:45:00,17.212126619261525,0.0,0.0,0.0,0.0,0.0,0.0,0.0,0.0
2020-05-20 17:00:00,876.3217914548244,0.0,0.0,0.0,0.0,0.0,0.0,0.0,0.0
2020-05-20 17:15:00,2328.2571983012967,0.0,0.0,0.0,0.0,0.0,0.0,0.0,0.0
2020-05-20 17:30:00,1512.3516111619986,0.0,0.0,0.0,0.0,0.0,0.0,0.0,0.0
2020-05-20 17:45:00,1031.363223868159,0.0,0.0,0.0,0.0,0.0,0.0,0.0,0.0
2020-05-20 18:00:00,1819.5920082883865,0.0,0.0,0.0,0.0,0.0,0.0,0.0,0.0
2020-05-20 18:15:00,530.3755503384209,0.0,0.0,0.0,0.0,0.0,0.0,0.0,0.0
2020-05-20 18:30:00,1170.7731099524576,0.0,0.0,0.0,0.0,0.0,0.0,0.0,0.0
2020-05-20 18:45:00,1083.3387645166845,0.0,0.0,0.0,0.0,0.0,0.0,0.0,0.0
2020-05-20 19:00:00,1154.7582046642963,0.0,0.0,0.0,0.0,0.0,0.0,0.0,0.0
2020-05-20 19:15:00,2371.058813888149,0.0,0.0,0.0,0.0,0.0,0.0,0.0,0.0
2020-05-20 19:30:00,2730.717556558083,0.0,0.0,0.0,0.0,0.0,0.0,0.0,0.0
2020-05-20 19:45:00,1158.0202447349416,0.0,0.0,0.0,0.0,0.0,0.0,0.0,0.0
2020-05-20 20:00:00,972.3683797127869,0.0,0.0,0.0,0.0,0.0,0.0,0.0,0.0
2020-05-20 20:15:00,2416.3645055220973,0.0,0.0,0.0,0.0,0.0,0.0,0.0,0.0
2020-05-20 20:30:00,1010.379780005395,0.0,0.0,0.0,0.0,0.0,0.0,0.0,0.0
2020-05-20 20:45:00,1294.9096105338201,0.0,0.0,0.0,0.0,0.0,0.0,0.0,0.0
2020-05-20 21:00:00,69.24678721221822,0.0,0.0,0.0,0.0,0.0,0.0,0.0,0.0
2020-05-20 21:15:00,872.8943740504326,0.0,0.0,0.0,0.0,0.0,0.0,0.0,0.0
2020-05-20 21:30:00,1835.8777220434915,0.0,0.0,0.0,0.0,0.0,0.0,0.0,0.0
2020-05-20 21:45:00,2559.496753332852,0.0,0.0,0.0,0.0,0.0,0.0,0.0,0.0
2020-05-20 22:00:00,2170.7510673648944,0.0,0.0,0.0,0.0,0.0,0.0,0.0,0.0
2020-05-20 22:15:00,1890.121925504862,0.0,0.0,0.0,0.0,0.0,0.0,0.0,0.0
2020-05-20 22:30:00,839.1717363712847,0.0,0.0,0.0,0.0,0.0,0.0,0.0,0.0
2020-05-20 22:45:00,2746.9777445531913,0.0,0.0,0.0,0.0,0.0,0.0,0.0,0.0
2020-05-20 23:00:00,2092.1675697731775,0.0,0.0,0.0,0.0,0.0,0.0,0.0,0.0
2020-05-20 23:15:00,2942.578396816119,0.0,0.0,0.0,0.0,0.0,0.0,0.0,0.0
2020-05-20 23:30:00,2061.8342010558385,0.0,0.0,0.0,0.0,0.0,0.0,0.0,0.0
2020-05-20 23:45:00,912.1191436632907,0.0,0.0,0.0,0.0,0.0,0.0,0.0,0.0
2020-05-21 00:00:00,293.312223716925,0.0,0.0,0.0,0.0,0.0,0.0,0.0,0.0
2020-05-21 00:15:00,2453.0007492493073,0.0,0.0,0.0,0.0,0.0,0.0,0.0,0.0
2020-05-21 00:30:00,1901.65578827921,0.0,0.0,0.0,0.0,0.0,0.0,0.0,0.0
2020-05-21 00:45:00,2115.7371934721045,0.0,0.0,0.0,0.0,0.0,0.0,0.0,0.0
2020-05-21 01:00:00,2131.578544105977,0.0,0.0,0.0,0.0,0.0,0.0,0.0,0.0
2020-05-21 01:15:00,1061.6118025979276,0.0,0.0,0.0,0.0,0.0,0.0,0.0,0.0
2020-05-21 01:30:00,390.3102936489675,0.0,0.0,0.0,0.0,0.0,0.0,0.0,0.0
2020-05-21 01:45:00,554.2032953191372,0.0,0.0,0.0,0.0,0.0,0.0,0.0,0.0
2020-05-21 02:00:00,1791.6637422804815,0.0,0.0,0.0,0.0,0.0,0.0,0.0,0.0
2020-05-21 02:15:00,1344.294370398319,0.0,0.0,0.0,0.0,0.0,0.0,0.0,0.0
2020-05-21 02:30:00,1536.4609964835606,0.0,0.0,0.0,0.0,0.0,0.0,0.0,0.0
2020-05-21 02:45:00,2408.731510644132,0.0,0.0,0.0,0.0,0.0,0.0,0.0,0.0
2020-05-21 03:00:00,1306.4923012150175,0.0,0.0,0.0,0.0,0.0,0.0,0.0,0.0
2020-05-21 03:15:00,428.96619042442916,0.0,0.0,0.0,0.0,0.0,0.0,0.0,0.0
2020-05-21 03:30:00,1231.56047309611,0.0,0.0,0.0,0.0,0.0,0.0,0.0,0.0
2020-05-21 03:45:00,296.0822819855341,0.0,0.0,0.0,0.0,0.0,0.0,0.0,0.0
2020-05-21 04:00:00,2756.0648109660096,0.0,0.0,0.0,0.0,0.0,0.0,0.0,0.0
2020-05-21 04:15:00,1312.8028730548635,0.0,0.0,0.0,0.0,0.0,0.0,0.0,0.0
2020-05-21 04:30:00,2122.1121569476245,0.0,0.0,0.0,0.0,0.0,0.0,0.0,0.0
2020-05-21 04:45:00,759.5051724240444,0.0,0.0,0.0,0.0,0.0,0.0,0.0,0.0
2020-05-21 05:00:00,1754.920627587449,0.0,0.0,0.0,0.0,0.0,0.0,0.0,0.0
2020-05-21 05:15:00,2191.7173912229905,0.0,0.0,0.0,0.0,0.0,0.0,0.0,0.0
2020-05-21 05:30:00,1574.012206706842,0.0,0.0,0.0,0.0,0.0,0.0,0.0,0.0
2020-05-21 05:45:00,1908.0021269965903,0.0,0.0,0.0,0.0,0.0,0.0,0.0,0.0
2020-05-21 06:00:00,432.7299744578611,0.0,0.0,0.0,0.0,0.0,0.0,0.0,0.0
2020-05-21 06:15:00,1572.4322699794957,0.0,0.0,0.0,0.0,0.0,0.0,0.0,0.0
2020-05-21 06:30:00,2097.4100837359006,0.0,0.0,0.0,0.0,0.0,0.0,0.0,0.0
2020-05-21 06:45:00,1438.5516306732984,0.0,0.0,0.0,0.0,0.0,0.0,0.0,0.0
2020-05-21 07:00:00,976.7090844930489,0.0,0.0,0.0,0.0,0.0,0.0,0.0,0.0
2020-05-21 07:15:00,1247.5369420864718,0.0,0.0,0.0,0.0,0.0,0.0,0.0,0.0
2020-05-21 07:30:00,775.0073140271282,0.0,0.0,0.0,0.0,0.0,0.0,0.0,0.0
2020-05-21 07:45:00,1223.4611703194153,0.0,0.0,0.0,0.0,0.0,0.0,0.0,0.0
2020-05-21 08:00:00,1368.7260972083325,0.0,0.0,0.0,0.0,0.0,0.0,0.0,0.0
2020-05-21 08:15:00,429.78026708482173,0.0,0.0,0.0,0.0,0.0,0.0,0.0,0.0
2020-05-21 08:30:00,309.3228546704121,0.0,0.0,0.0,0.0,0.0,0.0,0.0,0.0
2020-05-21 08:45:00,2320.2247083459692,0.0,0.0,0.0,0.0,0.0,0.0,0.0,0.0
2020-05-21 09:00:00,2483.969476737852,0.0,0.0,0.0,0.0,0.0,0.0,0.0,0.0
2020-05-21 09:15:00,2646.02575246307,0.0,0.0,0.0,0.0,0.0,0.0,0.0,0.0
2020-05-21 09:30:00,401.6278871016027,0.0,0.0,0.0,0.0,0.0,0.0,0.0,0.0
2020-05-21 09:45:00,757.2106736980757,0.0,0.0,0.0,0.0,0.0,0.0,0.0,0.0
2020-05-21 10:00:00,1631.3225369449472,0.0,0.0,0.0,0.0,0.0,0.0,0.0,0.0
2020-05-21 10:15:00,1510.2394453896295,0.0,0.0,0.0,0.0,0.0,0.0,0.0,0.0
2020-05-21 10:30:00,459.8957861991957,0.0,0.0,0.0,0.0,0.0,0.0,0.0,0.0
2020-05-21 10:45:00,753.7260919745592,0.0,0.0,0.0,0.0,0.0,0.0,0.0,0.0
2020-05-21 11:00:00,1334.3751518413512,0.0,0.0,0.0,0.0,0.0,0.0,0.0,0.0
2020-05-21 11:15:00,1344.7919278393551,0.0,0.0,0.0,0.0,0.0,0.0,0.0,0.0
2020-05-21 11:30:00,1351.345226984668,0.0,0.0,0.0,0.0,0.0,0.0,0.0,0.0
2020-05-21 11:45:00,1398.2599438809382,0.0,0.0,0.0,0.0,0.0,0.0,0.0,0.0
2020-05-21 12:00:00,1979.462659323111,0.0,0.0,0.0,0.0,0.0,0.0,0.0,0.0
2020-05-21 12:15:00,2765.4270528010456,0.0,0.0,0.0,0.0,0.0,0.0,0.0,0.0
2020-05-21 12:30:00,1030.6380586334528,0.0,0.0,0.0,0.0,0.0,0.0,0.0,0.0
2020-05-21 12:45:00,1912.7953290914995,0.0,0.0,0.0,0.0,0.0,0.0,0.0,0.0
2020-05-21 13:00:00,338.6429967079494,0.0,0.0,0.0,0.0,0.0,0.0,0.0,0.0
2020-05-21 13:15:00,428.4073492969468,0.0,0.0,0.0,0.0,0.0,0.0,0.0,0.0
2020-05-21 13:30:00,1901.729632936754,0.0,0.0,0.0,0.0,0.0,0.0,0.0,0.0
2020-05-21 13:45:00,663.9390903767134,0.0,0.0,0.0,0.0,0.0,0.0,0.0,0.0
2020-05-21 14:00:00,1973.3162300474125,0.0,0.0,0.0,0.0,0.0,0.0,0.0,0.0
2020-05-21 14:15:00,2700.6069230087264,0.0,0.0,0.0,0.0,0.0,0.0,0.0,0.0
2020-05-21 14:30:00,1638.3603077294279,0.0,0.0,0.0,0.0,0.0,0.0,0.0,0.0
2020-05-21 14:45:00,1982.8302925110634,0.0,0.0,0.0,0.0,0.0,0.0,0.0,0.0
2020-05-21 15:00:00,236.2207467309645,0.0,0.0,0.0,0.0,0.0,0.0,0.0,0.0
2020-05-21 15:15:00,2638.6433345474134,0.0,0.0,0.0,0.0,0.0,0.0,0.0,0.0
2020-05-21 15:30:00,1470.8444957164336,0.0,0.0,0.0,0.0,0.0,0.0,0.0,0.0
2020-05-21 15:45:00,342.21221384198344,0.0,0.0,0.0,0.0,0.0,0.0,0.0,0.0
2020-05-21 16:00:00,2894.8704846559062,0.0,0.0,0.0,0.0,0.0,0.0,0.0,0.0
2020-05-21 16:15:00,1521.0048965117549,0.0,0.0,0.0,0.0,0.0,0.0,0.0,0.0
2020-05-21 16:30:00,1114.9057392117752,0.0,0.0,0.0,0.0,0.0,0.0,0.0,0.0
2020-05-21 16:45:00,1849.011051149859,0.0,0.0,0.0,0.0,0.0,0.0,0.0,0.0
2020-05-21 17:00:00,333.70010183767386,0.0,0.0,0.0,0.0,0.0,0.0,0.0,0.0
2020-05-21 17:15:00,2740.1317048425426,0.0,0.0,0.0,0.0,0.0,0.0,0.0,0.0
2020-05-21 17:30:00,2386.242657011944,0.0,0.0,0.0,0.0,0.0,0.0,0.0,0.0
2020-05-21 17:45:00,1199.4202205187285,0.0,0.0,0.0,0.0,0.0,0.0,0.0,0.0
2020-05-21 18:00:00,827.7217394697395,0.0,0.0,0.0,0.0,0.0,0.0,0.0,0.0
2020-05-21 18:15:00,1595.575388025459,0.0,0.0,0.0,0.0,0.0,0.0,0.0,0.0
2020-05-21 18:30:00,147.60387267610054,0.0,0.0,0.0,0.0,0.0,0.0,0.0,0.0
2020-05-21 18:45:00,1998.454086298293,0.0,0.0,0.0,0.0,0.0,0.0,0.0,0.0
2020-05-21 19:00:00,1053.5310340751819,0.0,0.0,0.0,0.0,0.0,0.0,0.0,0.0
2020-05-21 19:15:00,958.3217791302716,0.0,0.0,0.0,0.0,0.0,0.0,0.0,0.0
2020-05-21 19:30:00,850.9390499130367,0.0,0.0,0.0,0.0,0.0,0.0,0.0,0.0
2020-05-21 19:45:00,1728.6397549406543,0.0,0.0,0.0,0.0,0.0,0.0,0.0,0.0
2020-05-21 20:00:00,1688.8579692437222,0.0,0.0,0.0,0.0,0.0,0.0,0.0,0.0
2020-05-21 20:15:00,2955.3144752550875,0.0,0.0,0.0,0.0,0.0,0.0,0.0,0.0
2020-05-21 20:30:00,2255.9306698210353,0.0,0.0,0.0,0.0,0.0,0.0,0.0,0.0
2020-05-21 20:45:00,954.8880118449957,0.0,0.0,0.0,0.0,0.0,0.0,0.0,0.0
2020-05-21 21:00:00,2541.1127364410804,0.0,0.0,0.0,0.0,0.0,0.0,0.0,0.0
2020-05-21 21:15:00,1475.797572062072,0.0,0.0,0.0,0.0,0.0,0.0,0.0,0.0
2020-05-21 21:30:00,2193.859329474354,0.0,0.0,0.0,0.0,0.0,0.0,0.0,0.0
2020-05-21 21:45:00,744.6644953182936,0.0,0.0,0.0,0.0,0.0,0.0,0.0,0.0
2020-05-21 22:00:00,1001.4525817047196,0.0,0.0,0.0,0.0,0.0,0.0,0.0,0.0
2020-05-21 22:15:00,2091.06262193901,0.0,0.0,0.0,0.0,0.0,0.0,0.0,0.0
2020-05-21 22:30:00,1418.2214667816586,0.0,0.0,0.0,0.0,0.0,0.0,0.0,0.0
2020-05-21 22:45:00,1562.1306310628743,0.0,0.0,0.0,0.0,0.0,0.0,0.0,0.0
2020-05-21 23:00:00,59.302601938475476,0.0,0.0,0.0,0.0,0.0,0.0,0.0,0.0
2020-05-21 23:15:00,126.52036965855396,0.0,0.0,0.0,0.0,0.0,0.0,0.0,0.0
2020-05-21 23:30:00,2139.4953434410636,0.0,0.0,0.0,0.0,0.0,0.0,0.0,0.0
2020-05-21 23:45:00,2894.7054122426757,0.0,0.0,0.0,0.0,0.0,0.0,0.0,0.0
2020-05-22 00:00:00,1705.1473774944616,0.0,0.0,0.0,0.0,0.0,0.0,0.0,0.0
2020-05-22 00:15:00,2812.4167521979766,0.0,0.0,0.0,0.0,0.0,0.0,0.0,0.0
2020-05-22 00:30:00,1194.0288069757808,0.0,0.0,0.0,0.0,0.0,0.0,0.0,0.0
2020-05-22 00:45:00,456.20053307593275,0.0,0.0,0.0,0.0,0.0,0.0,0.0,0.0
2020-05-22 01:00:00,2973.793866088549,0.0,0.0,0.0,0.0,0.0,0.0,0.0,0.0
2020-05-22 01:15:00,2770.113017063577,0.0,0.0,0.0,0.0,0.0,0.0,0.0,0.0
2020-05-22 01:30:00,2125.2230333680404,0.0,0.0,0.0,0.0,0.0,0.0,0.0,0.0
2020-05-22 01:45:00,1106.8573321978376,0.0,0.0,0.0,0.0,0.0,0.0,0.0,0.0
2020-05-22 02:00:00,902.9203561999741,0.0,0.0,0.0,0.0,0.0,0.0,0.0,0.0
2020-05-22 02:15:00,1130.9398495266328,0.0,0.0,0.0,0.0,0.0,0.0,0.0,0.0
2020-05-22 02:30:00,1328.5222602681256,0.0,0.0,0.0,0.0,0.0,0.0,0.0,0.0
2020-05-22 02:45:00,2508.50049981434,0.0,0.0,0.0,0.0,0.0,0.0,0.0,0.0
2020-05-22 03:00:00,814.7583461942243,0.0,0.0,0.0,0.0,0.0,0.0,0.0,0.0
2020-05-22 03:15:00,2554.029936166921,0.0,0.0,0.0,0.0,0.0,0.0,0.0,0.0
2020-05-22 03:30:00,2309.2249514914147,0.0,0.0,0.0,0.0,0.0,0.0,0.0,0.0
2020-05-22 03:45:00,1431.7746849946006,0.0,0.0,0.0,0.0,0.0,0.0,0.0,0.0
2020-05-22 04:00:00,621.4938796772352,0.0,0.0,0.0,0.0,0.0,0.0,0.0,0.0
2020-05-22 04:15:00,47.125502504516305,0.0,0.0,0.0,0.0,0.0,0.0,0.0,0.0
2020-05-22 04:30:00,1116.913590641845,0.0,0.0,0.0,0.0,0.0,0.0,0.0,0.0
2020-05-22 04:45:00,292.3355806432012,0.0,0.0,0.0,0.0,0.0,0.0,0.0,0.0
2020-05-22 05:00:00,1471.9252455328983,0.0,0.0,0.0,0.0,0.0,0.0,0.0,0.0
2020-05-22 05:15:00,1307.447815045437,0.0,0.0,0.0,0.0,0.0,0.0,0.0,0.0
2020-05-22 05:30:00,2652.192304655371,0.0,0.0,0.0,0.0,0.0,0.0,0.0,0.0
2020-05-22 05:45:00,246.03719545263814,0.0,0.0,0.0,0.0,0.0,0.0,0.0,0.0
2020-05-22 06:00:00,1531.2585016277433,0.0,0.0,0.0,0.0,0.0,0.0,0.0,0.0
2020-05-22 06:15:00,2505.3245526293417,0.0,0.0,0.0,0.0,0.0,0.0,0.0,0.0
2020-05-22 06:30:00,2968.582220594822,0.0,0.0,0.0,0.0,0.0,0.0,0.0,0.0
2020-05-22 06:45:00,1844.9126851904364,0.0,0.0,0.0,0.0,0.0,0.0,0.0,0.0
2020-05-22 07:00:00,1489.869479656594,0.0,0.0,0.0,0.0,0.0,0.0,0.0,0.0
2020-05-22 07:15:00,747.6534471741747,0.0,0.0,0.0,0.0,0.0,0.0,0.0,0.0
2020-05-22 07:30:00,1251.6051698708043,0.0,0.0,0.0,0.0,0.0,0.0,0.0,0.0
2020-05-22 07:45:00,2061.341698325581,0.0,0.0,0.0,0.0,0.0,0.0,0.0,0.0
2020-05-22 08:00:00,1855.5335336292167,0.0,0.0,0.0,0.0,0.0,0.0,0.0,0.0
2020-05-22 08:15:00,2542.6175170081256,0.0,0.0,0.0,0.0,0.0,0.0,0.0,0.0
2020-05-22 08:30:00,2299.140302380448,0.0,0.0,0.0,0.0,0.0,0.0,0.0,0.0
2020-05-22 08:45:00,1826.4909775741962,0.0,0.0,0.0,0.0,0.0,0.0,0.0,0.0
2020-05-22 09:00:00,955.3395883530145,0.0,0.0,0.0,0.0,0.0,0.0,0.0,0.0
2020-05-22 09:15:00,2283.9150756097583,0.0,0.0,0.0,0.0,0.0,0.0,0.0,0.0
2020-05-22 09:30:00,404.4953555128955,0.0,0.0,0.0,0.0,0.0,0.0,0.0,0.0
2020-05-22 09:45:00,1173.8907326231874,0.0,0.0,0.0,0.0,0.0,0.0,0.0,0.0
2020-05-22 10:00:00,501.81925749280344,0.0,0.0,0.0,0.0,0.0,0.0,0.0,0.0
2020-05-22 10:15:00,1396.4387731574484,0.0,0.0,0.0,0.0,0.0,0.0,0.0,0.0
2020-05-22 10:30:00,2421.578092605243,0.0,0.0,0.0,0.0,0.0,0.0,0.0,0.0
2020-05-22 10:45:00,526.4915344012973,0.0,0.0,0.0,0.0,0.0,0.0,0.0,0.0
2020-05-22 11:00:00,2867.0544725867917,0.0,0.0,0.0,0.0,0.0,0.0,0.0,0.0
2020-05-22 11:15:00,740.1326060700128,0.0,0.0,0.0,0.0,0.0,0.0,0.0,0.0
2020-05-22 11:30:00,2290.1125399006996,0.0,0.0,0.0,0.0,0.0,0.0,0.0,0.0
2020-05-22 11:45:00,383.6934820112383,0.0,0.0,0.0,0.0,0.0,0.0,0.0,0.0
2020-05-22 12:00:00,1927.743575089467,0.0,0.0,0.0,0.0,0.0,0.0,0.0,0.0
2020-05-22 12:15:00,1850.646633841366,0.0,0.0,0.0,0.0,0.0,0.0,0.0,0.0
2020-05-22 12:30:00,1408.7232169957717,0.0,0.0,0.0,0.0,0.0,0.0,0.0,0.0
2020-05-22 12:45:00,142.77489501322182,0.0,0.0,0.0,0.0,0.0,0.0,0.0,0.0
2020-05-22 13:00:00,555.0365665229867,0.0,0.0,0.0,0.0,0.0,0.0,0.0,0.0
2020-05-22 13:15:00,1790.0634784640974,0.0,0.0,0.0,0.0,0.0,0.0,0.0,0.0
2020-05-22 13:30:00,408.2189031197935,0.0,0.0,0.0,0.0,0.0,0.0,0.0,0.0
2020-05-22 13:45:00,2642.6536437260042,0.0,0.0,0.0,0.0,0.0,0.0,0.0,0.0
2020-05-22 14:00:00,488.448764941958,0.0,0.0,0.0,0.0,0.0,0.0,0.0,0.0
2020-05-22 14:15:00,2013.0554002627464,0.0,0.0,0.0,0.0,0.0,0.0,0.0,0.0
2020-05-22 14:30:00,1277.129810229128,0.0,0.0,0.0,0.0,0.0,0.0,0.0,0.0
2020-05-22 14:45:00,110.36554187190927,0.0,0.0,0.0,0.0,0.0,0.0,0.0,0.0
2020-05-22 15:00:00,1627.527951162204,0.0,0.0,0.0,0.0,0.0,0.0,0.0,0.0
2020-05-22 15:15:00,1861.4685373215136,0.0,0.0,0.0,0.0,0.0,0.0,0.0,0.0
2020-05-22 15:30:00,1704.8098017978991,0.0,0.0,0.0,0.0,0.0,0.0,0.0,0.0
2020-05-22 15:45:00,2180.5510354233115,0.0,0.0,0.0,0.0,0.0,0.0,0.0,0.0
2020-05-22 16:00:00,2555.7943962634067,0.0,0.0,0.0,0.0,0.0,0.0,0.0,0.0
2020-05-22 16:15:00,1797.8214080184675,0.0,0.0,0.0,0.0,0.0,0.0,0.0,0.0
2020-05-22 16:30:00,1568.6147321097683,0.0,0.0,0.0,0.0,0.0,0.0,0.0,0.0
2020-05-22 16:45:00,2691.327478498588,0.0,0.0,0.0,0.0,0.0,0.0,0.0,0.0
2020-05-22 17:00:00,1517.062262376743,0.0,0.0,0.0,0.0,0.0,0.0,0.0,0.0
2020-05-22 17:15:00,50.21792377955836,0.0,0.0,0.0,0.0,0.0,0.0,0.0,0.0
2020-05-22 17:30:00,1118.1222865420345,0.0,0.0,0.0,0.0,0.0,0.0,0.0,0.0
2020-05-22 17:45:00,344.6643526043907,0.0,0.0,0.0,0.0,0.0,0.0,0.0,0.0
2020-05-22 18:00:00,1575.0541599969797,0.0,0.0,0.0,0.0,0.0,0.0,0.0,0.0
2020-05-22 18:15:00,1553.750147574728,0.0,0.0,0.0,0.0,0.0,0.0,0.0,0.0
2020-05-22 18:30:00,2909.6746545479987,0.0,0.0,0.0,0.0,0.0,0.0,0.0,0.0
2020-05-22 18:45:00,1271.2097508742606,0.0,0.0,0.0,0.0,0.0,0.0,0.0,0.0
2020-05-22 19:00:00,1944.3909196222867,0.0,0.0,0.0,0.0,0.0,0.0,0.0,0.0
2020-05-22 19:15:00,108.89552089912246,0.0,0.0,0.0,0.0,0.0,0.0,0.0,0.0
2020-05-22 19:30:00,831.9450723686007,0.0,0.0,0.0,0.0,0.0,0.0,0.0,0.0
2020-05-22 19:45:00,1977.4004398274487,0.0,0.0,0.0,0.0,0.0,0.0,0.0,0.0
2020-05-22 20:00:00,420.73475874357837,0.0,0.0,0.0,0.0,0.0,0.0,0.0,0.0
2020-05-22 20:15:00,26.725451212878948,0.0,0.0,0.0,0.0,0.0,0.0,0.0,0.0
2020-05-22 20:30:00,610.6448781730065,0.0,0.0,0.0,0.0,0.0,0.0,0.0,0.0
2020-05-22 20:45:00,1818.4189704986472,0.0,0.0,0.0,0.0,0.0,0.0,0.0,0.0
2020-05-22 21:00:00,2321.455786849515,0.0,0.0,0.0,0.0,0.0,0.0,0.0,0.0
2020-05-22 21:15:00,1898.2711011387212,0.0,0.0,0.0,0.0,0.0,0.0,0.0,0.0
2020-05-22 21:30:00,2195.7968952971773,0.0,0.0,0.0,0.0,0.0,0.0,0.0,0.0
2020-05-22 21:45:00,2754.0825777827044,0.0,0.0,0.0,0.0,0.0,0.0,0.0,0.0
2020-05-22 22:00:00,1595.416146554799,0.0,0.0,0.0,0.0,0.0,0.0,0.0,0.0
2020-05-22 22:15:00,552.4290040087635,0.0,0.0,0.0,0.0,0.0,0.0,0.0,0.0
2020-05-22 22:30:00,2170.288187918663,0.0,0.0,0.0,0.0,0.0,0.0,0.0,0.0
2020-05-22 22:45:00,2472.472702024098,0.0,0.0,0.0,0.0,0.0,0.0,0.0,0.0
2020-05-22 23:00:00,2828.293889122676,0.0,0.0,0.0,0.0,0.0,0.0,0.0,0.0
2020-05-22 23:15:00,2372.891635572265,0.0,0.0,0.0,0.0,0.0,0.0,0.0,0.0
2020-05-22 23:30:00,270.0395319741145,0.0,0.0,0.0,0.0,0.0,0.0,0.0,0.0
2020-05-22 23:45:00,1559.4544597819486,0.0,0.0,0.0,0.0,0.0,0.0,0.0,0.0
2020-05-23 00:00:00,1374.5236646224841,0.0,0.0,0.0,0.0,0.0,0.0,0.0,0.0
2020-05-23 00:15:00,86.41641091103725,0.0,0.0,0.0,0.0,0.0,0.0,0.0,0.0
2020-05-23 00:30:00,2101.2829935952677,0.0,0.0,0.0,0.0,0.0,0.0,0.0,0.0
2020-05-23 00:45:00,856.2468689248109,0.0,0.0,0.0,0.0,0.0,0.0,0.0,0.0
2020-05-23 01:00:00,1393.4295881944895,0.0,0.0,0.0,0.0,0.0,0.0,0.0,0.0
2020-05-23 01:15:00,734.1188372094954,0.0,0.0,0.0,0.0,0.0,0.0,0.0,0.0
2020-05-23 01:30:00,123.774675119533,0.0,0.0,0.0,0.0,0.0,0.0,0.0,0.0
2020-05-23 01:45:00,2355.57024988493,0.0,0.0,0.0,0.0,0.0,0.0,0.0,0.0
2020-05-23 02:00:00,1152.5952527554132,0.0,0.0,0.0,0.0,0.0,0.0,0.0,0.0
2020-05-23 02:15:00,754.8730619936975,0.0,0.0,0.0,0.0,0.0,0.0,0.0,0.0
2020-05-23 02:30:00,668.1581551854126,0.0,0.0,0.0,0.0,0.0,0.0,0.0,0.0
2020-05-23 02:45:00,594.4741984299037,0.0,0.0,0.0,0.0,0.0,0.0,0.0,0.0
2020-05-23 03:00:00,2689.815210537916,0.0,0.0,0.0,0.0,0.0,0.0,0.0,0.0
2020-05-23 03:15:00,1802.337328431108,0.0,0.0,0.0,0.0,0.0,0.0,0.0,0.0
2020-05-23 03:30:00,2038.4940751567362,0.0,0.0,0.0,0.0,0.0,0.0,0.0,0.0
2020-05-23 03:45:00,442.12422838021405,0.0,0.0,0.0,0.0,0.0,0.0,0.0,0.0
2020-05-23 04:00:00,2373.616451306936,0.0,0.0,0.0,0.0,0.0,0.0,0.0,0.0
2020-05-23 04:15:00,1946.6649838434842,0.0,0.0,0.0,0.0,0.0,0.0,0.0,0.0
2020-05-23 04:30:00,1919.343189830315,0.0,0.0,0.0,0.0,0.0,0.0,0.0,0.0
2020-05-23 04:45:00,1318.6932962891303,0.0,0.0,0.0,0.0,0.0,0.0,0.0,0.0
2020-05-23 05:00:00,79.82211765146852,0.0,0.0,0.0,0.0,0.0,0.0,0.0,0.0
2020-05-23 05:15:00,287.851627256273,0.0,0.0,0.0,0.0,0.0,0.0,0.0,0.0
2020-05-23 05:30:00,2219.7553225942283,0.0,0.0,0.0,0.0,0.0,0.0,0.0,0.0
2020-05-23 05:45:00,1424.7209253088665,0.0,0.0,0.0,0.0,0.0,0.0,0.0,0.0
2020-05-23 06:00:00,1101.7214487166455,0.0,0.0,0.0,0.0,0.0,0.0,0.0,0.0
2020-05-23 06:15:00,1808.9104801125197,0.0,0.0,0.0,0.0,0.0,0.0,0.0,0.0
2020-05-23 06:30:00,2577.7571964106714,0.0,0.0,0.0,0.0,0.0,0.0,0.0,0.0
2020-05-23 06:45:00,1930.6070410191999,0.0,0.0,0.0,0.0,0.0,0.0,0.0,0.0
2020-05-23 07:00:00,1080.8056107927503,0.0,0.0,0.0,0.0,0.0,0.0,0.0,0.0
2020-05-23 07:15:00,1134.140134669667,0.0,0.0,0.0,0.0,0.0,0.0,0.0,0.0
2020-05-23 07:30:00,1018.8611038935356,0.0,0.0,0.0,0.0,0.0,0.0,0.0,0.0
2020-05-23 07:45:00,1356.9389581011628,0.0,0.0,0.0,0.0,0.0,0.0,0.0,0.0
2020-05-23 08:00:00,1456.9282591160522,0.0,0.0,0.0,0.0,0.0,0.0,0.0,0.0
2020-05-23 08:15:00,2005.449765361506,0.0,0.0,0.0,0.0,0.0,0.0,0.0,0.0
2020-05-23 08:30:00,1466.355312985854,0.0,0.0,0.0,0.0,0.0,0.0,0.0,0.0
2020-05-23 08:45:00,1029.4520574406936,0.0,0.0,0.0,0.0,0.0,0.0,0.0,0.0
2020-05-23 09:00:00,2831.333830963182,0.0,0.0,0.0,0.0,0.0,0.0,0.0,0.0
2020-05-23 09:15:00,2847.1832546489827,0.0,0.0,0.0,0.0,0.0,0.0,0.0,0.0
2020-05-23 09:30:00,1696.2132696934339,0.0,0.0,0.0,0.0,0.0,0.0,0.0,0.0
2020-05-23 09:45:00,829.020778038108,0.0,0.0,0.0,0.0,0.0,0.0,0.0,0.0
2020-05-23 10:00:00,2642.1208427252764,0.0,0.0,0.0,0.0,0.0,0.0,0.0,0.0
2020-05-23 10:15:00,1114.5417596966388,0.0,0.0,0.0,0.0,0.0,0.0,0.0,0.0
2020-05-23 10:30:00,2523.228218246942,0.0,0.0,0.0,0.0,0.0,0.0,0.0,0.0
2020-05-23 10:45:00,1446.2717059930583,0.0,0.0,0.0,0.0,0.0,0.0,0.0,0.0
2020-05-23 11:00:00,853.9742979195606,0.0,0.0,0.0,0.0,0.0,0.0,0.0,0.0
2020-05-23 11:15:00,1930.6092066831714,0.0,0.0,0.0,0.0,0.0,0.0,0.0,0.0
2020-05-23 11:30:00,854.8191831683946,0.0,0.0,0.0,0.0,0.0,0.0,0.0,0.0
2020-05-23 11:45:00,1291.9027604694772,0.0,0.0,0.0,0.0,0.0,0.0,0.0,0.0
2020-05-23 12:00:00,800.146202492586,0.0,0.0,0.0,0.0,0.0,0.0,0.0,0.0
2020-05-23 12:15:00,2193.649754338158,0.0,0.0,0.0,0.0,0.0,0.0,0.0,0.0
2020-05-23 12:30:00,1297.840604013574,0.0,0.0,0.0,0.0,0.0,0.0,0.0,0.0
2020-05-23 12:45:00,84.5696845069418,0.0,0.0,0.0,0.0,0.0,0.0,0.0,0.0
2020-05-23 13:00:00,2754.2030764003994,0.0,0.0,0.0,0.0,0.0,0.0,0.0,0.0
2020-05-23 13:15:00,30.220070163508804,0.0,0.0,0.0,0.0,0.0,0.0,0.0,0.0
2020-05-23 13:30:00,962.1376956123169,0.0,0.0,0.0,0.0,0.0,0.0,0.0,0.0
2020-05-23 13:45:00,2692.068520477977,0.0,0.0,0.0,0.0,0.0,0.0,0.0,0.0
2020-05-23 14:00:00,2320.5184469803044,0.0,0.0,0.0,0.0,0.0,0.0,0.0,0.0
2020-05-23 14:15:00,2410.0081985632223,0.0,0.0,0.0,0.0,0.0,0.0,0.0,0.0
2020-05-23 14:30:00,473.0647485590286,0.0,0.0,0.0,0.0,0.0,0.0,0.0,0.0
2020-05-23 14:45:00,1353.6209105080661,0.0,0.0,0.0,0.0,0.0,0.0,0.0,0.0
2020-05-23 15:00:00,2485.6462725467513,0.0,0.0,0.0,0.0,0.0,0.0,0.0,0.0
2020-05-23 15:15:00,2931.3323175010246,0.0,0.0,0.0,0.0,0.0,0.0,0.0,0.0
2020-05-23 15:30:00,697.6228106806064,0.0,0.0,0.0,0.0,0.0,0.0,0.0,0.0
2020-05-23 15:45:00,1865.602538910734,0.0,0.0,0.0,0.0,0.0,0.0,0.0,0.0
2020-05-23 16:00:00,163.73781579461132,0.0,0.0,0.0,0.0,0.0,0.0,0.0,0.0
2020-05-23 16:15:00,758.1897826642453,0.0,0.0,0.0,0.0,0.0,0.0,0.0,0.0
2020-05-23 16:30:00,438.36224504078604,0.0,0.0,0.0,0.0,0.0,0.0,0.0,0.0
2020-05-23 16:45:00,1576.5152114588961,0.0,0.0,0.0,0.0,0.0,0.0,0.0,0.0
2020-05-23 17:00:00,1926.2466659476884,0.0,0.0,0.0,0.0,0.0,0.0,0.0,0.0
2020-05-23 17:15:00,1941.6463644092166,0.0,0.0,0.0,0.0,0.0,0.0,0.0,0.0
2020-05-23 17:30:00,729.2615113323203,0.0,0.0,0.0,0.0,0.0,0.0,0.0,0.0
2020-05-23 17:45:00,1411.867794638505,0.0,0.0,0.0,0.0,0.0,0.0,0.0,0.0
2020-05-23 18:00:00,2716.1741262270157,0.0,0.0,0.0,0.0,0.0,0.0,0.0,0.0
2020-05-23 18:15:00,339.42420576722185,0.0,0.0,0.0,0.0,0.0,0.0,0.0,0.0
2020-05-23 18:30:00,2123.601414111253,0.0,0.0,0.0,0.0,0.0,0.0,0.0,0.0
2020-05-23 18:45:00,545.6211958815095,0.0,0.0,0.0,0.0,0.0,0.0,0.0,0.0
2020-05-23 19:00:00,1714.0617798867395,0.0,0.0,0.0,0.0,0.0,0.0,0.0,0.0
2020-05-23 19:15:00,328.6156450873754,0.0,0.0,0.0,0.0,0.0,0.0,0.0,0.0
2020-05-23 19:30:00,738.2284210038544,0.0,0.0,0.0,0.0,0.0,0.0,0.0,0.0
2020-05-23 19:45:00,1724.733383614739,0.0,0.0,0.0,0.0,0.0,0.0,0.0,0.0
2020-05-23 20:00:00,1891.3071870953743,0.0,0.0,0.0,0.0,0.0,0.0,0.0,0.0
2020-05-23 20:15:00,299.4957277020732,0.0,0.0,0.0,0.0,0.0,0.0,0.0,0.0
2020-05-23 20:30:00,1106.9938656618745,0.0,0.0,0.0,0.0,0.0,0.0,0.0,0.0
2020-05-23 20:45:00,2465.6348678333607,0.0,0.0,0.0,0.0,0.0,0.0,0.0,0.0
2020-05-23 21:00:00,2451.3007490878667,0.0,0.0,0.0,0.0,0.0,0.0,0.0,0.0
2020-05-23 21:15:00,2021.4278771729187,0.0,0.0,0.0,0.0,0.0,0.0,0.0,0.0
2020-05-23 21:30:00,224.46753544562316,0.0,0.0,0.0,0.0,0.0,0.0,0.0,0.0
2020-05-23 21:45:00,1297.3944332512233,0.0,0.0,0.0,0.0,0.0,0.0,0.0,0.0
2020-05-23 22:00:00,532.6824565096725,0.0,0.0,0.0,0.0,0.0,0.0,0.0,0.0
2020-05-23 22:15:00,888.9745099722012,0.0,0.0,0.0,0.0,0.0,0.0,0.0,0.0
2020-05-23 22:30:00,1147.6848887581107,0.0,0.0,0.0,0.0,0.0,0.0,0.0,0.0
2020-05-23 22:45:00,1275.0553833905778,0.0,0.0,0.0,0.0,0.0,0.0,0.0,0.0
2020-05-23 23:00:00,2175.0914126263824,0.0,0.0,0.0,0.0,0.0,0.0,0.0,0.0
2020-05-23 23:15:00,390.0640084258183,0.0,0.0,0.0,0.0,0.0,0.0,0.0,0.0
2020-05-23 23:30:00,260.62403861630014,0.0,0.0,0.0,0.0,0.0,0.0,0.0,0.0
2020-05-23 23:45:00,336.1431276643024,0.0,0.0,0.0,0.0,0.0,0.0,0.0,0.0
2020-05-24 00:00:00,1098.6762658805133,0.0,0.0,0.0,0.0,0.0,0.0,0.0,0.0
2020-05-24 00:15:00,2904.5530893325863,0.0,0.0,0.0,0.0,0.0,0.0,0.0,0.0
2020-05-24 00:30:00,2881.456114308309,0.0,0.0,0.0,0.0,0.0,0.0,0.0,0.0
2020-05-24 00:45:00,2574.6588945365406,0.0,0.0,0.0,0.0,0.0,0.0,0.0,0.0
2020-05-24 01:00:00,2519.446144692346,0.0,0.0,0.0,0.0,0.0,0.0,0.0,0.0
2020-05-24 01:15:00,209.64653051698167,0.0,0.0,0.0,0.0,0.0,0.0,0.0,0.0
2020-05-24 01:30:00,2954.844035075374,0.0,0.0,0.0,0.0,0.0,0.0,0.0,0.0
2020-05-24 01:45:00,2236.374599533847,0.0,0.0,0.0,0.0,0.0,0.0,0.0,0.0
2020-05-24 02:00:00,2938.26307740054,0.0,0.0,0.0,0.0,0.0,0.0,0.0,0.0
2020-05-24 02:15:00,2091.6295388445374,0.0,0.0,0.0,0.0,0.0,0.0,0.0,0.0
2020-05-24 02:30:00,564.7783271864749,0.0,0.0,0.0,0.0,0.0,0.0,0.0,0.0
2020-05-24 02:45:00,1627.2935537943406,0.0,0.0,0.0,0.0,0.0,0.0,0.0,0.0
2020-05-24 03:00:00,294.18153038707715,0.0,0.0,0.0,0.0,0.0,0.0,0.0,0.0
2020-05-24 03:15:00,2445.4891931773373,0.0,0.0,0.0,0.0,0.0,0.0,0.0,0.0
2020-05-24 03:30:00,2797.8229855077266,0.0,0.0,0.0,0.0,0.0,0.0,0.0,0.0
2020-05-24 03:45:00,2094.386964505522,0.0,0.0,0.0,0.0,0.0,0.0,0.0,0.0
2020-05-24 04:00:00,1605.6529689970007,0.0,0.0,0.0,0.0,0.0,0.0,0.0,0.0
2020-05-24 04:15:00,1119.2375315453205,0.0,0.0,0.0,0.0,0.0,0.0,0.0,0.0
2020-05-24 04:30:00,473.42997227139494,0.0,0.0,0.0,0.0,0.0,0.0,0.0,0.0
2020-05-24 04:45:00,2382.8668739077966,0.0,0.0,0.0,0.0,0.0,0.0,0.0,0.0
2020-05-24 05:00:00,376.0916312035151,0.0,0.0,0.0,0.0,0.0,0.0,0.0,0.0
2020-05-24 05:15:00,1039.3510694712627,0.0,0.0,0.0,0.0,0.0,0.0,0.0,0.0
2020-05-24 05:30:00,1365.2191847033591,0.0,0.0,0.0,0.0,0.0,0.0,0.0,0.0
2020-05-24 05:45:00,2581.791706417784,0.0,0.0,0.0,0.0,0.0,0.0,0.0,0.0
2020-05-24 06:00:00,306.13119948782617,0.0,0.0,0.0,0.0,0.0,0.0,0.0,0.0
2020-05-24 06:15:00,427.96688726767275,0.0,0.0,0.0,0.0,0.0,0.0,0.0,0.0
2020-05-24 06:30:00,2607.2147786433443,0.0,0.0,0.0,0.0,0.0,0.0,0.0,0.0
2020-05-24 06:45:00,1040.5665516362565,0.0,0.0,0.0,0.0,0.0,0.0,0.0,0.0
2020-05-24 07:00:00,1837.827881652837,0.0,0.0,0.0,0.0,0.0,0.0,0.0,0.0
2020-05-24 07:15:00,192.0528737608761,0.0,0.0,0.0,0.0,0.0,0.0,0.0,0.0
2020-05-24 07:30:00,1037.6632311655012,0.0,0.0,0.0,0.0,0.0,0.0,0.0,0.0
2020-05-24 07:45:00,2055.178690270633,0.0,0.0,0.0,0.0,0.0,0.0,0.0,0.0
2020-05-24 08:00:00,882.3522531237757,0.0,0.0,0.0,0.0,0.0,0.0,0.0,0.0
2020-05-24 08:15:00,393.20373472563506,0.0,0.0,0.0,0.0,0.0,0.0,0.0,0.0
2020-05-24 08:30:00,2209.9296361633374,0.0,0.0,0.0,0.0,0.0,0.0,0.0,0.0
2020-05-24 08:45:00,2429.4526525098026,0.0,0.0,0.0,0.0,0.0,0.0,0.0,0.0
2020-05-24 09:00:00,1569.094481217568,0.0,0.0,0.0,0.0,0.0,0.0,0.0,0.0
2020-05-24 09:15:00,2913.9129424992984,0.0,0.0,0.0,0.0,0.0,0.0,0.0,0.0
2020-05-24 09:30:00,769.4679878534516,0.0,0.0,0.0,0.0,0.0,0.0,0.0,0.0
2020-05-24 09:45:00,756.9853640005598,0.0,0.0,0.0,0.0,0.0,0.0,0.0,0.0
2020-05-24 10:00:00,1833.5667666532481,0.0,0.0,0.0,0.0,0.0,0.0,0.0,0.0
2020-05-24 10:15:00,2292.834850576699,0.0,0.0,0.0,0.0,0.0,0.0,0.0,0.0
2020-05-24 10:30:00,2761.8470310198913,0.0,0.0,0.0,0.0,0.0,0.0,0.0,0.0
2020-05-24 10:45:00,596.0355509587505,0.0,0.0,0.0,0.0,0.0,0.0,0.0,0.0
2020-05-24 11:00:00,1261.4970639464486,0.0,0.0,0.0,0.0,0.0,0.0,0.0,0.0
2020-05-24 11:15:00,2999.095747218993,0.0,0.0,0.0,0.0,0.0,0.0,0.0,0.0
2020-05-24 11:30:00,1760.567660445881,0.0,0.0,0.0,0.0,0.0,0.0,0.0,0.0
2020-05-24 11:45:00,1521.6819927393417,0.0,0.0,0.0,0.0,0.0,0.0,0.0,0.0
2020-05-24 12:00:00,1855.769197498519,0.0,0.0,0.0,0.0,0.0,0.0,0.0,0.0
2020-05-24 12:15:00,2384.934581483963,0.0,0.0,0.0,0.0,0.0,0.0,0.0,0.0
2020-05-24 12:30:00,2206.1102731283418,0.0,0.0,0.0,0.0,0.0,0.0,0.0,0.0
2020-05-24 12:45:00,779.9661701676846,0.0,0.0,0.0,0.0,0.0,0.0,0.0,0.0
2020-05-24 13:00:00,631.2390391985423,0.0,0.0,0.0,0.0,0.0,0.0,0.0,0.0
2020-05-24 13:15:00,1104.784124902356,0.0,0.0,0.0,0.0,0.0,0.0,0.0,0.0
2020-05-24 13:30:00,2981.651931646908,0.0,0.0,0.0,0.0,0.0,0.0,0.0,0.0
2020-05-24 13:45:00,1132.6631733319987,0.0,0.0,0.0,0.0,0.0,0.0,0.0,0.0
2020-05-24 14:00:00,1048.0751659877378,0.0,0.0,0.0,0.0,0.0,0.0,0.0,0.0
2020-05-24 14:15:00,1048.29812888523,0.0,0.0,0.0,0.0,0.0,0.0,0.0,0.0
2020-05-24 14:30:00,598.8933033729967,0.0,0.0,0.0,0.0,0.0,0.0,0.0,0.0
2020-05-24 14:45:00,2752.8450236655817,0.0,0.0,0.0,0.0,0.0,0.0,0.0,0.0
2020-05-24 15:00:00,2900.9954715755,0.0,0.0,0.0,0.0,0.0,0.0,0.0,0.0
2020-05-24 15:15:00,802.3028616026381,0.0,0.0,0.0,0.0,0.0,0.0,0.0,0.0
2020-05-24 15:30:00,366.06293863859116,0.0,0.0,0.0,0.0,0.0,0.0,0.0,0.0
2020-05-24 15:45:00,2843.191694631894,0.0,0.0,0.0,0.0,0.0,0.0,0.0,0.0
2020-05-24 16:00:00,1865.9452395896903,0.0,0.0,0.0,0.0,0.0,0.0,0.0,0.0
2020-05-24 16:15:00,1894.4437720330593,0.0,0.0,0.0,0.0,0.0,0.0,0.0,0.0
2020-05-24 16:30:00,682.315029448818,0.0,0.0,0.0,0.0,0.0,0.0,0.0,0.0
2020-05-24 16:45:00,2014.7943074329849,0.0,0.0,0.0,0.0,0.0,0.0,0.0,0.0
2020-05-24 17:00:00,1216.9984263237238,0.0,0.0,0.0,0.0,0.0,0.0,0.0,0.0
2020-05-24 17:15:00,199.7164244466364,0.0,0.0,0.0,0.0,0.0,0.0,0.0,0.0
2020-05-24 17:30:00,237.9236804230659,0.0,0.0,0.0,0.0,0.0,0.0,0.0,0.0
2020-05-24 17:45:00,43.190017527305116,0.0,0.0,0.0,0.0,0.0,0.0,0.0,0.0
2020-05-24 18:00:00,582.6870476514807,0.0,0.0,0.0,0.0,0.0,0.0,0.0,0.0
2020-05-24 18:15:00,1997.8627814090203,0.0,0.0,0.0,0.0,0.0,0.0,0.0,0.0
2020-05-24 18:30:00,2114.219110888899,0.0,0.0,0.0,0.0,0.0,0.0,0.0,0.0
2020-05-24 18:45:00,374.6528911067244,0.0,0.0,0.0,0.0,0.0,0.0,0.0,0.0
2020-05-24 19:00:00,156.16896008696656,0.0,0.0,0.0,0.0,0.0,0.0,0.0,0.0
2020-05-24 19:15:00,1469.0739469497548,0.0,0.0,0.0,0.0,0.0,0.0,0.0,0.0
2020-05-24 19:30:00,1102.38631115136,0.0,0.0,0.0,0.0,0.0,0.0,0.0,0.0
2020-05-24 19:45:00,1966.6693239677954,0.0,0.0,0.0,0.0,0.0,0.0,0.0,0.0
2020-05-24 20:00:00,1588.5939311313532,0.0,0.0,0.0,0.0,0.0,0.0,0.0,0.0
2020-05-24 20:15:00,307.64711819800107,0.0,0.0,0.0,0.0,0.0,0.0,0.0,0.0
2020-05-24 20:30:00,691.9422668097968,0.0,0.0,0.0,0.0,0.0,0.0,0.0,0.0
2020-05-24 20:45:00,2173.376885824797,0.0,0.0,0.0,0.0,0.0,0.0,0.0,0.0
2020-05-24 21:00:00,1587.7971480176097,0.0,0.0,0.0,0.0,0.0,0.0,0.0,0.0
2020-05-24 21:15:00,2021.223103082807,0.0,0.0,0.0,0.0,0.0,0.0,0.0,0.0
2020-05-24 21:30:00,1453.226351596695,0.0,0.0,0.0,0.0,0.0,0.0,0.0,0.0
2020-05-24 21:45:00,2663.321322955939,0.0,0.0,0.0,0.0,0.0,0.0,0.0,0.0
2020-05-24 22:00:00,1714.147216171754,0.0,0.0,0.0,0.0,0.0,0.0,0.0,0.0
2020-05-24 22:15:00,625.5354203587221,0.0,0.0,0.0,0.0,0.0,0.0,0.0,0.0
2020-05-24 22:30:00,504.0398377273914,0.0,0.0,0.0,0.0,0.0,0.0,0.0,0.0
2020-05-24 22:45:00,1975.7262167071108,0.0,0.0,0.0,0.0,0.0,0.0,0.0,0.0
2020-05-24 23:00:00,1677.9078264014177,0.0,0.0,0.0,0.0,0.0,0.0,0.0,0.0
2020-05-24 23:15:00,1067.8405546242648,0.0,0.0,0.0,0.0,0.0,0.0,0.0,0.0
2020-05-24 23:30:00,773.2263822060229,0.0,0.0,0.0,0.0,0.0,0.0,0.0,0.0
2020-05-24 23:45:00,930.6791718899237,0.0,0.0,0.0,0.0,0.0,0.0,0.0,0.0
2020-05-25 00:00:00,1465.1055551676584,0.0,0.0,0.0,0.0,0.0,0.0,0.0,0.0
2020-05-25 00:15:00,1228.111821177217,0.0,0.0,0.0,0.0,0.0,0.0,0.0,0.0
2020-05-25 00:30:00,2457.7642486735276,0.0,0.0,0.0,0.0,0.0,0.0,0.0,0.0
2020-05-25 00:45:00,2491.917834679441,0.0,0.0,0.0,0.0,0.0,0.0,0.0,0.0
2020-05-25 01:00:00,579.2847004521618,0.0,0.0,0.0,0.0,0.0,0.0,0.0,0.0
2020-05-25 01:15:00,1267.2966631469592,0.0,0.0,0.0,0.0,0.0,0.0,0.0,0.0
2020-05-25 01:30:00,1651.1497982696885,0.0,0.0,0.0,0.0,0.0,0.0,0.0,0.0
2020-05-25 01:45:00,2106.648253445383,0.0,0.0,0.0,0.0,0.0,0.0,0.0,0.0
2020-05-25 02:00:00,479.4315039811873,0.0,0.0,0.0,0.0,0.0,0.0,0.0,0.0
2020-05-25 02:15:00,2568.322924882452,0.0,0.0,0.0,0.0,0.0,0.0,0.0,0.0
2020-05-25 02:30:00,2019.9740162678925,0.0,0.0,0.0,0.0,0.0,0.0,0.0,0.0
2020-05-25 02:45:00,1278.000326918645,0.0,0.0,0.0,0.0,0.0,0.0,0.0,0.0
2020-05-25 03:00:00,2069.413947155002,0.0,0.0,0.0,0.0,0.0,0.0,0.0,0.0
2020-05-25 03:15:00,1929.9333370430754,0.0,0.0,0.0,0.0,0.0,0.0,0.0,0.0
2020-05-25 03:30:00,233.39854593618793,0.0,0.0,0.0,0.0,0.0,0.0,0.0,0.0
2020-05-25 03:45:00,204.40791587996333,0.0,0.0,0.0,0.0,0.0,0.0,0.0,0.0
2020-05-25 04:00:00,1588.4528922442323,0.0,0.0,0.0,0.0,0.0,0.0,0.0,0.0
2020-05-25 04:15:00,387.23394649062647,0.0,0.0,0.0,0.0,0.0,0.0,0.0,0.0
2020-05-25 04:30:00,1779.7954860170614,0.0,0.0,0.0,0.0,0.0,0.0,0.0,0.0
2020-05-25 04:45:00,1506.49806525218,0.0,0.0,0.0,0.0,0.0,0.0,0.0,0.0
2020-05-25 05:00:00,958.0148673618784,0.0,0.0,0.0,0.0,0.0,0.0,0.0,0.0
2020-05-25 05:15:00,467.2663464885133,0.0,0.0,0.0,0.0,0.0,0.0,0.0,0.0
2020-05-25 05:30:00,1448.0710934220078,0.0,0.0,0.0,0.0,0.0,0.0,0.0,0.0
2020-05-25 05:45:00,2069.6818347960643,0.0,0.0,0.0,0.0,0.0,0.0,0.0,0.0
2020-05-25 06:00:00,631.438279365634,0.0,0.0,0.0,0.0,0.0,0.0,0.0,0.0
2020-05-25 06:15:00,2874.274689233303,0.0,0.0,0.0,0.0,0.0,0.0,0.0,0.0
2020-05-25 06:30:00,2407.3559961057886,0.0,0.0,0.0,0.0,0.0,0.0,0.0,0.0
2020-05-25 06:45:00,618.1921289625398,0.0,0.0,0.0,0.0,0.0,0.0,0.0,0.0
2020-05-25 07:00:00,1127.2704095715876,0.0,0.0,0.0,0.0,0.0,0.0,0.0,0.0
2020-05-25 07:15:00,2225.7243469733826,0.0,0.0,0.0,0.0,0.0,0.0,0.0,0.0
2020-05-25 07:30:00,55.77350097146905,0.0,0.0,0.0,0.0,0.0,0.0,0.0,0.0
2020-05-25 07:45:00,1371.3611674326992,0.0,0.0,0.0,0.0,0.0,0.0,0.0,0.0
2020-05-25 08:00:00,1990.516451899458,0.0,0.0,0.0,0.0,0.0,0.0,0.0,0.0
2020-05-25 08:15:00,91.10066033734576,0.0,0.0,0.0,0.0,0.0,0.0,0.0,0.0
2020-05-25 08:30:00,1293.6018586643345,0.0,0.0,0.0,0.0,0.0,0.0,0.0,0.0
2020-05-25 08:45:00,2963.798432527111,0.0,0.0,0.0,0.0,0.0,0.0,0.0,0.0
2020-05-25 09:00:00,389.7221606591734,0.0,0.0,0.0,0.0,0.0,0.0,0.0,0.0
2020-05-25 09:15:00,72.09687985035107,0.0,0.0,0.0,0.0,0.0,0.0,0.0,0.0
2020-05-25 09:30:00,818.1808642301281,0.0,0.0,0.0,0.0,0.0,0.0,0.0,0.0
2020-05-25 09:45:00,2313.085517110177,0.0,0.0,0.0,0.0,0.0,0.0,0.0,0.0
