timestamp,wt7,wind_speed
2020-05-15 00:00:00,27.43484224965706,5.0
2020-05-15 00:15:00,92.57884663460099,5.999851536306656
2020-05-15 00:30:00,50.09589350883619,5.444536627751925
2020-05-15 00:45:00,166.24364303911187,6.646231083303043
2020-05-15 01:00:00,841.3883163539691,9.26029308110776
2020-05-15 01:15:00,334.1377583740171,7.601552254050486
2020-05-15 01:30:00,143.2512842889631,6.469727338342841
2020-05-15 01:45:00,872.5995590990768,9.336763561530407
2020-05-15 02:00:00,1057.4839509979984,9.755960497242434
2020-05-15 02:15:00,336.9592794892668,7.614468087239484
2020-05-15 02:30:00,477.0041278016864,8.181273913201206
2020-05-15 02:45:00,161.41467513198424,6.610578945790582
2020-05-15 03:00:00,57.09715354057,5.553489007059103
2020-05-15 03:15:00,120.82036348229298,6.278253643264985
2020-05-15 03:30:00,0.0,2.5265589856538755
2020-05-15 03:45:00,0.0,0.330443926791153
2020-05-15 04:00:00,0.0,1.1734331796130268
2020-05-15 04:15:00,0.0,0.9188749144032675
2020-05-15 04:30:00,0.3176595076773922,3.452463057637469
2020-05-15 04:45:00,0.0,2.839992801361009
2020-05-15 05:00:00,0.0,1.461953300111201
2020-05-15 05:15:00,124.6932424794712,6.312913876587858
2020-05-15 05:30:00,133.0818196489507,6.385598212212144
2020-05-15 05:45:00,233.40458521756827,7.082870773896027
2020-05-15 06:00:00,15.289417739062939,4.645859740683607
2020-05-15 06:15:00,18.681604599160227,4.759545757118589
2020-05-15 06:30:00,113.19252919774848,6.207759214679599
2020-05-15 06:45:00,18.52484028700577,4.754610257817389
2020-05-15 07:00:00,195.15184435160103,6.84639067623721
2020-05-15 07:15:00,136.2189240576846,6.411994494722629
2020-05-15 07:30:00,184.93145177144672,6.778036066677916
2020-05-15 07:45:00,142.59775824311487,6.464442884906064
2020-05-15 08:00:00,1891.431843066488,11.200860138992217
2020-05-15 08:15:00,1646.45830545697,10.830318346877492
2020-05-15 08:30:00,578.4965450448103,8.52538778258744
2020-05-15 08:45:00,1573.2508083682787,10.71249971639948
2020-05-15 09:00:00,480.46003408495375,8.193756633387089
2020-05-15 09:15:00,867.3176375785159,9.323952015325656
2020-05-15 09:30:00,75.97883554823622,5.80862258813626
2020-05-15 09:45:00,15.07226291647102,4.638030536194563
2020-05-15 10:00:00,202.22867544279006,6.892333872592413
2020-05-15 10:15:00,974.1117334325722,9.573531747456254
2020-05-15 10:30:00,1351.9278834289264,10.332414625914533
2020-05-15 10:45:00,1335.1946263371267,10.302037043575307
2020-05-15 11:00:00,1135.6317713043522,9.918442746251621
2020-05-15 11:15:00,272.61543623509874,7.299777547643927
2020-05-15 11:30:00,216.99293311605499,6.984841361835979
2020-05-15 11:45:00,268.80568419138444,7.279653972196419
2020-05-15 12:00:00,1455.1658216120752,10.514498494174259
2020-05-15 12:15:00,1990.0360978771896,11.340962294774714
2020-05-15 12:30:00,354.1005287337124,7.691424140937196
2020-05-15 12:45:00,854.435632701198,9.292486469770317
2020-05-15 13:00:00,730.6771648405875,8.97270435802701
2020-05-15 13:15:00,465.5309128197461,8.139395203285263
2020-05-15 13:30:00,1229.487184757081,10.104014545575557
2020-05-15 13:45:00,2500.0,12.285280433219155
2020-05-15 14:00:00,2500.0,13.576899995620476
2020-05-15 14:15:00,1691.5446781441617,10.901150439449372
2020-05-15 14:30:00,1199.7919012124166,10.046354390950492
2020-05-15 14:45:00,1556.1492410001129,10.68445234429781
2020-05-15 15:00:00,2500.0,12.372663643106977
2020-05-15 15:15:00,1502.8089059852641,10.595629279292758
2020-05-15 15:30:00,1120.3554096039277,9.887280617493316
2020-05-15 15:45:00,311.8209471095126,7.4967381823737576
2020-05-15 16:00:00,59.485393087130404,5.588605990159124
2020-05-15 16:15:00,486.08368522089154,8.213941908556787
2020-05-15 16:30:00,1810.0298726596338,11.081483440766762
2020-05-15 16:45:00,1266.0252237515892,10.173701353318863
2020-05-15 17:00:00,2204.238613490004,11.630091001278174
2020-05-15 17:15:00,1965.177865664989,11.306086722323084
2020-05-15 17:30:00,742.9318223312639,9.005910096842195
2020-05-15 17:45:00,877.6779028340848,9.349032662834684
2020-05-15 18:00:00,2403.802131741567,11.883049425532917
2020-05-15 18:15:00,1418.1725143608903,10.450273131962712
2020-05-15 18:30:00,2500.0,12.590246498725055
2020-05-15 18:45:00,64.72757616806973,5.662516378541773
2020-05-15 19:00:00,342.76049480518276,7.640799014655997
2020-05-15 19:15:00,312.8866271575411,7.501855045541349
2020-05-15 19:30:00,157.38193245376343,6.58025641098858
2020-05-15 19:45:00,169.02733772639684,6.666470178072696
2020-05-15 20:00:00,0.0,2.5201975449090033
2020-05-15 20:15:00,0.0043300646102746605,3.108083806702473
2020-05-15 20:30:00,14.859790155162173,4.630297010030229
2020-05-15 20:45:00,402.80784329259444,7.897357552122296
2020-05-15 21:00:00,107.69009639739556,6.154915718088816
2020-05-15 21:15:00,7.902808888847386,4.3208586149306125
2020-05-15 21:30:00,0.8168784903388912,3.619890518114504
2020-05-15 21:45:00,86.82418644813698,5.93636077578826
2020-05-15 22:00:00,130.19801050089234,6.360964736853179
2020-05-15 22:15:00,24.317753622985464,4.9211900316124035
2020-05-15 22:30:00,91.04225710864665,5.983162048040181
2020-05-15 22:45:00,82.0673020344545,5.881725162112592
2020-05-15 23:00:00,322.0271665591054,7.545273387617111
2020-05-15 23:15:00,45.28714906849653,5.363673577574624
2020-05-15 23:30:00,13.643944900502806,4.584561715832053
2020-05-15 23:45:00,2.6136322216247514,3.913434333987314
2020-05-16 00:00:00,0.0,1.3078778763279497
2020-05-16 00:15:00,9.774279783306848e-06,3.014178297842907
2020-05-16 00:30:00,5.259342743916688,4.15320450752945
2020-05-16 00:45:00,10.610207175663723,4.457148436230847
2020-05-16 01:00:00,6.116091224542417,4.212701248590878
2020-05-16 01:15:00,0.0,1.7058032366345128
2020-05-16 01:30:00,0.0,1.969686294519302
2020-05-16 01:45:00,0.0,2.34288016678561
2020-05-16 02:00:00,0.0,1.7208181241720188
2020-05-16 02:15:00,0.0,2.6062457746280816
2020-05-16 02:30:00,9.37993478088005,4.398499920830373
2020-05-16 02:45:00,622.4238933526589,8.661844339176982
2020-05-16 03:00:00,501.92847308640694,8.269989915233776
2020-05-16 03:15:00,485.25590468735663,8.210980517300714
2020-05-16 03:30:00,324.5552055535341,7.55713645526215
2020-05-16 03:45:00,0.34289675548425974,3.4641413899449276
2020-05-16 04:00:00,10.209496182671558,4.438568711404178
2020-05-16 04:15:00,44.53941304469,5.3505924472079744
2020-05-16 04:30:00,1660.5884566427092,10.852654890380787
2020-05-16 04:45:00,920.8420758950225,9.451453305761511
2020-05-16 05:00:00,949.4916081460354,9.51767774052936
2020-05-16 05:15:00,722.8132369377993,8.951199907626973
2020-05-16 05:30:00,128.53515873813717,6.346594959673531
2020-05-16 05:45:00,819.7490171358725,9.206157716773191
2020-05-16 06:00:00,1438.3975490972452,10.48552303849808
2020-05-16 06:15:00,2119.564860365355,11.518139408725181
2020-05-16 06:30:00,703.6569056433322,8.898154681795003
2020-05-16 06:45:00,2293.828159408415,11.745462861514975
2020-05-16 07:00:00,478.0033659540224,8.184889336549613
2020-05-16 07:15:00,1042.5167078360041,9.72393512437946
2020-05-16 07:30:00,2500.0,14.060693258644212
2020-05-16 07:45:00,1617.814283436855,10.784643493479887
2020-05-16 08:00:00,893.8740943812957,9.387848736770472
2020-05-16 08:15:00,1072.3670382110668,9.787507544973419
2020-05-16 08:30:00,705.7118697252354,8.903890770933995
2020-05-16 08:45:00,115.67446966270025,6.231035121903425
2020-05-16 09:00:00,341.59758435562037,7.63554466679395
2020-05-16 09:15:00,133.70434608469498,6.3908690212487365
2020-05-16 09:30:00,609.372139367212,8.62198960131233
2020-05-16 09:45:00,297.116056563381,7.424911074747067
2020-05-16 10:00:00,2142.908518986952,11.549296587875997
2020-05-16 10:15:00,1073.5326579463806,9.789965903491469
2020-05-16 10:30:00,940.5088797509507,9.497058940347891
2020-05-16 10:45:00,2162.7629614021953,11.575619063194479
2020-05-16 11:00:00,722.5323478184184,8.950428918295707
2020-05-16 11:15:00,1193.5592138850247,10.0341317180179
2020-05-16 11:30:00,2500.0,12.952863206452035
2020-05-16 11:45:00,802.9928222092271,9.163580336224777
2020-05-16 12:00:00,1221.330704437706,10.088270213620886
2020-05-16 12:15:00,1674.8885935836727,10.875131507747277
2020-05-16 12:30:00,2500.0,12.45506864429808
2020-05-16 12:45:00,943.9479033202771,9.504968261577181
2020-05-16 13:00:00,263.38539158347976,7.250692946955895
2020-05-16 13:15:00,870.5153253009179,9.331714347381196
2020-05-16 13:30:00,1339.1578458356357,10.309254715227347
2020-05-16 13:45:00,1670.3012453432289,10.867935207675261
2020-05-16 14:00:00,2043.5697969707708,11.415094518501306
2020-05-16 14:15:00,1034.3225972078194,9.706272208754246
2020-05-16 14:30:00,1330.1732618615542,10.29287177548834
2020-05-16 14:45:00,1615.3149233238626,10.780632597264537
2020-05-16 15:00:00,763.2602558044312,9.060196729886234
2020-05-16 15:15:00,2500.0,12.966799938018333
2020-05-16 15:30:00,2500.0,12.866083873752425
2020-05-16 15:45:00,904.0357138525715,9.411963415361894
2020-05-16 16:00:00,1526.1694810951983,10.63478411867982
2020-05-16 16:15:00,474.4065190000095,8.171851613278237
2020-05-16 16:30:00,1133.302484431124,9.913709384415036
2020-05-16 16:45:00,2350.9564693570514,11.81747091504813
2020-05-16 17:00:00,790.8288465285094,9.132299262001197
2020-05-16 17:15:00,1603.187995830986,10.761112713222573
2020-05-16 17:30:00,1590.2815473408823,10.74022965355508
2020-05-16 17:45:00,2094.467634521844,11.484385461505855
2020-05-16 18:00:00,2500.0,14.095309216978695
2020-05-16 18:15:00,2165.875405929812,11.579730832188915
2020-05-16 18:30:00,649.9502280793706,8.744107248540406
2020-05-16 18:45:00,138.46920803923678,6.430680252340965
2020-05-16 19:00:00,23.636827939869985,4.903088147634106
2020-05-16 19:15:00,39.436598513410786,5.257159883321474
2020-05-16 19:30:00,122.04454138155997,6.289288447999694
2020-05-16 19:45:00,193.06825179160666,6.832652649569509
2020-05-16 20:00:00,500.79774961092477,8.266029602230606
2020-05-16 20:15:00,332.82405373418834,7.5955138062584275
2020-05-16 20:30:00,1158.384045145242,9.964341021010538
2020-05-16 20:45:00,467.3516200394756,8.146086603849572
2020-05-16 21:00:00,2500.0,12.805904824024438
2020-05-16 21:15:00,2372.942793783616,11.844872890401938
2020-05-16 21:30:00,475.52130751235774,8.175899485280938
2020-05-16 21:45:00,34.224030033744356,5.152977821278389
2020-05-16 22:00:00,104.15800792916622,6.120039279863275
2020-05-16 22:15:00,45.371319922021016,5.365137048601847
2020-05-16 22:30:00,173.0588046053841,6.6953910818902616
2020-05-16 22:45:00,242.03845462591838,7.132605636258655
2020-05-16 23:00:00,127.54070250987752,6.337941913139831
2020-05-16 23:15:00,6.366958943253933,4.229060297058425
2020-05-16 23:30:00,0.0,1.4159622632945208
2020-05-16 23:45:00,0.0,1.586601119341314
2020-05-17 00:00:00,7.8681010226463,4.318922110986932
2020-05-17 00:15:00,25.73681791626115,4.95785619623545
2020-05-17 00:30:00,0.0,2.5001909346204743
2020-05-17 00:45:00,0.8829578437231193,3.636173873612006
2020-05-17 01:00:00,22.70805659478648,4.877828080965657
2020-05-17 01:15:00,0.04417625094843094,3.2344186309954193
2020-05-17 01:30:00,5.756571677774151,4.188457927993713
2020-05-17 01:45:00,16.785076071690053,4.6978667801632366
2020-05-17 02:00:00,0.0,2.68792269631835
2020-05-17 02:15:00,7.9119037485310395,4.321365119159095
2020-05-17 02:30:00,84.72918084952272,5.912550801109474
2020-05-17 02:45:00,459.0436536624097,8.11541063930185
2020-05-17 03:00:00,1006.6551275597926,9.645934803727307
2020-05-17 03:15:00,83.95929840164742,5.903702421886475
2020-05-17 03:30:00,6.1552447714127805,4.21528354017427
2020-05-17 03:45:00,91.89595023526519,5.992457314398811
2020-05-17 04:00:00,270.5686239096824,7.288989511244754
2020-05-17 04:15:00,497.8059069655627,8.255521959826421
2020-05-17 04:30:00,2500.0,15.665084305552572
2020-05-17 04:45:00,2500.0,14.346656847330333
2020-05-17 05:00:00,2500.0,14.612356815321508
2020-05-17 05:15:00,2500.0,14.49490232637837
2020-05-17 05:30:00,2500.0,13.867325230650165
2020-05-17 05:45:00,2146.812203955194,11.554484788146103
2020-05-17 06:00:00,2500.0,12.143424364072107
2020-05-17 06:15:00,964.1098733311588,9.550956013465756
2020-05-17 06:30:00,692.3047185662831,8.866264001222865
2020-05-17 06:45:00,415.1373132230509,7.946823667584081
2020-05-17 07:00:00,568.4740012974646,8.493292305155196
2020-05-17 07:15:00,2500.0,13.395420148149842
2020-05-17 07:30:00,575.3310439112955,8.515291138480023
2020-05-17 07:45:00,1310.3460587012562,10.25645504037536
2020-05-17 08:00:00,207.40756024877376,6.925280536423542
2020-05-17 08:15:00,206.65754166153923,6.920543342976419
2020-05-17 08:30:00,1218.0245006004,10.081868331703223
2020-05-17 08:45:00,1326.1470917771414,10.285506314765072
2020-05-17 09:00:00,476.9447725239024,8.181058996326437
2020-05-17 09:15:00,305.61967597807774,7.46672906085375
2020-05-17 09:30:00,1072.1749578702386,9.787102265634832
2020-05-17 09:45:00,608.272269572368,8.61860514480615
2020-05-17 10:00:00,1039.7263712028014,9.717930806046226
2020-05-17 10:15:00,1261.7726090027977,10.16566012069073
2020-05-17 10:30:00,778.768823593851,9.10096722958709
2020-05-17 10:45:00,2500.0,13.959208609573231
2020-05-17 11:00:00,2500.0,14.348508278264767
2020-05-17 11:15:00,860.5998039278608,9.307582227472768
2020-05-17 11:30:00,1281.548188594175,10.202901684044441
2020-05-17 11:45:00,789.9399462482382,9.130000810125141
2020-05-17 12:00:00,2032.8564765458304,11.40036349787898
2020-05-17 12:15:00,1026.2545919955032,9.688789741365694
2020-05-17 12:30:00,1093.3589253579244,9.831510781342551
2020-05-17 12:45:00,1858.0676742130656,11.15235373722539
2020-05-17 13:00:00,2500.0,12.776286394418438
2020-05-17 13:15:00,1057.1051959426698,9.755153815259627
2020-05-17 13:30:00,875.0503547835863,9.342690524593982
2020-05-17 13:45:00,648.714286502714,8.740463951218237
2020-05-17 14:00:00,409.9941194782543,7.926309754840014
2020-05-17 14:15:00,2500.0,12.155080797910522
2020-05-17 14:30:00,2500.0,12.352493815497635
2020-05-17 14:45:00,783.9453273951832,9.11445517000359
2020-05-17 15:00:00,1862.1359143234201,11.158299260965855
2020-05-17 15:15:00,2500.0,14.948235081509825
2020-05-17 15:30:00,2500.0,15.370353153475182
2020-05-17 15:45:00,1451.8688354374003,10.508818973665097
2020-05-17 16:00:00,786.4683437145923,9.121007646491906
2020-05-17 16:15:00,2177.7589378069147,11.595393721574577
2020-05-17 16:30:00,865.97237907188,9.320680721500015
2020-05-17 16:45:00,1162.6094132901478,9.972798549285269
2020-05-17 17:00:00,1776.7594973715863,11.03166134952928
2020-05-17 17:15:00,513.4628666934549,8.310052972847425
2020-05-17 17:30:00,449.5434008428311,8.079875269295878
2020-05-17 17:45:00,0.0,1.4954823923972942
2020-05-17 18:00:00,0.0,1.2607158206262206
2020-05-17 18:15:00,0.0,2.581155383961608
2020-05-17 18:30:00,0.0,1.4570103995665775
2020-05-17 18:45:00,131.66771907914162,6.373563925173594
2020-05-17 19:00:00,0.875776843655607,3.6344445326265613
2020-05-17 19:15:00,0.9126385154834442,3.643223798250434
2020-05-17 19:30:00,18.025786832072463,4.738710393388851
2020-05-17 19:45:00,448.6248445123454,8.076412990814124
2020-05-17 20:00:00,14.32689697790728,4.610571040670908
2020-05-17 20:15:00,279.76006081289484,7.3370165337207425
2020-05-17 20:30:00,202.92417397577793,6.896790897958692
2020-05-17 20:45:00,13.147312674187772,4.565097882093298
2020-05-17 21:00:00,73.92480302724591,5.7830813341423495
2020-05-17 21:15:00,99.77837125008189,6.075681143101398
2020-05-17 21:30:00,15.44284123168076,4.651346620685543
2020-05-17 21:45:00,26.106266650177194,4.9671799821638745
2020-05-17 22:00:00,6.769081195529178,4.254408768273217
2020-05-17 22:15:00,17.853583906070604,4.733155951643011
2020-05-17 22:30:00,107.1124530817789,6.149264674876984
2020-05-17 22:45:00,731.8416306656233,8.975875534492976
2020-05-17 23:00:00,41.6302131588676,5.298257669563901
2020-05-17 23:15:00,924.9083477372269,9.460935512004617
2020-05-17 23:30:00,5.982307712512667,4.203793764083581
2020-05-17 23:45:00,4.915997865531226,4.127542883956531
2020-05-18 00:00:00,57.63070581713295,5.561418170539793
2020-05-18 00:15:00,89.06427929860983,5.961399685132109
2020-05-18 00:30:00,10.42780094805171,4.448749894630925
2020-05-18 00:45:00,6.499949780661342,4.237558793202406
2020-05-18 01:00:00,0.5465086638199619,3.5421608959035984
2020-05-18 01:15:00,0.0,2.8884369599658246
2020-05-18 01:30:00,43.82882094607609,5.33802474042399
2020-05-18 01:45:00,102.18143216924285,6.100177083902521
2020-05-18 02:00:00,13.262651095448518,4.569661314075788
2020-05-18 02:15:00,176.8536830265865,6.722207181759242
2020-05-18 02:30:00,233.97090116829972,7.08617023394632
2020-05-18 02:45:00,538.9704530789551,8.396565993615008
2020-05-18 03:00:00,738.6675414510732,8.994397131523945
2020-05-18 03:15:00,152.77487057873267,6.54497476541415
2020-05-18 03:30:00,48.57009956811402,5.419462180079951
2020-05-18 03:45:00,272.6385451932052,7.299899038162001
2020-05-18 04:00:00,539.2105890617727,8.397367346921483
2020-05-18 04:15:00,418.33382476867445,7.95948788425974
2020-05-18 04:30:00,425.34784068863513,7.98705223796402
2020-05-18 04:45:00,1381.5508037175289,10.385583170208875
2020-05-18 05:00:00,535.6112982881301,8.385331183303617
2020-05-18 05:15:00,866.5869551624087,9.322175619319522
2020-05-18 05:30:00,582.8611117354341,8.539248728229596
2020-05-18 05:45:00,433.8359442626972,8.020007319277944
2020-05-18 06:00:00,1361.0699662085706,10.348905398852246
2020-05-18 06:15:00,2099.574704607974,11.491275864863066
2020-05-18 06:30:00,2500.0,12.325144382682264
2020-05-18 06:45:00,2500.0,13.949724644572523
2020-05-18 07:00:00,2500.0,12.573582393539983
2020-05-18 07:15:00,2500.0,12.986212019262112
2020-05-18 07:30:00,1991.3820439861922,11.342842320255185
2020-05-18 07:45:00,2114.6521245501635,11.511553191845834
2020-05-18 08:00:00,1608.077537084325,10.768994876096816
2020-05-18 08:15:00,1595.6928608715539,10.748999042312004
2020-05-18 08:30:00,2316.5148864000635,11.77420017817723
2020-05-18 08:45:00,1033.7975228774874,9.705137202639014
2020-05-18 09:00:00,2500.0,14.115064725067718
2020-05-18 09:15:00,1781.704600403634,11.039105726493183
2020-05-18 09:30:00,570.619116098872,8.50019320813762
2020-05-18 09:45:00,2102.1333903464297,11.494723814992517
2020-05-18 10:00:00,2500.0,12.881622083938597
2020-05-18 10:15:00,2500.0,13.537339969512075
2020-05-18 10:30:00,2500.0,14.02103483750222
2020-05-18 10:45:00,2500.0,13.09087421076934
2020-05-18 11:00:00,1552.431195466738,10.67832741149436
2020-05-18 11:15:00,1716.846247452736,10.940349910436154
2020-05-18 11:30:00,994.2881537133343,9.618607009555733
2020-05-18 11:45:00,2495.674941846463,11.994806934355323
2020-05-18 12:00:00,2037.4938788899042,11.406746352243381
2020-05-18 12:15:00,998.2132254594485,9.627304822701156
2020-05-18 12:30:00,888.5631724597134,9.375172537905186
2020-05-18 12:45:00,1534.5933138489893,10.648805317409568
2020-05-18 13:00:00,970.2541623069252,9.564843006599167
2020-05-18 13:15:00,500.0181082886627,8.263295466764832
2020-05-18 13:30:00,922.2615538181277,9.454766575313343
2020-05-18 13:45:00,1311.5847949650795,10.258740951261146
2020-05-18 14:00:00,850.1205429090771,9.28187576927522
2020-05-18 14:15:00,612.3041345211277,8.630991916216322
2020-05-18 14:30:00,959.1786782561185,9.539768051105055
2020-05-18 14:45:00,183.92156100944783,6.771146360604224
2020-05-18 15:00:00,22.329389853597988,4.867331651523644
2020-05-18 15:15:00,22.18710460451298,4.863356918370133
2020-05-18 15:30:00,76.83342927295637,5.819113614751428
2020-05-18 15:45:00,309.07640399478925,7.483506359662501
2020-05-18 16:00:00,1705.2740806786428,10.922469396321686
2020-05-18 16:15:00,2500.0,12.037913894486218
2020-05-18 16:30:00,1581.4696444632661,10.725906713848858
2020-05-18 16:45:00,1191.8566398725259,10.030785471831628
2020-05-18 17:00:00,316.24934543741836,7.517925359177441
2020-05-18 17:15:00,348.6598513800066,7.667272450772534
2020-05-18 17:30:00,248.96593370605655,7.171662338126778
2020-05-18 17:45:00,425.51492180789074,7.987705141393239
2020-05-18 18:00:00,112.32941415617185,6.199585140487315
2020-05-18 18:15:00,329.93826093310906,7.582193239133048
2020-05-18 18:30:00,1457.6551839976987,10.51878108812143
2020-05-18 18:45:00,831.0154802660047,9.234460502385003
2020-05-18 19:00:00,857.8178601243907,9.300778336793705
2020-05-18 19:15:00,1111.9601381714963,9.870034417983623
2020-05-18 19:30:00,437.3580495602459,8.033555728858229
2020-05-18 19:45:00,415.54515769090176,7.9484431111312706
2020-05-18 20:00:00,295.70623833617,7.417901228815392
2020-05-18 20:15:00,248.878217608597,7.171172358209628
2020-05-18 20:30:00,37.22814745619044,5.21421428535082
2020-05-18 20:45:00,47.36782754633977,5.399331903881564
2020-05-18 21:00:00,139.45895708931033,6.438834783358493
2020-05-18 21:15:00,755.2328968712466,9.038876381995841
2020-05-18 21:30:00,1099.6357143114649,9.844558694399645
2020-05-18 21:45:00,2500.0,12.76918917880683
2020-05-18 22:00:00,723.0126992126211,8.951747273870708
2020-05-18 22:15:00,958.7965564058471,9.538899488500114
2020-05-18 22:30:00,588.072230344944,8.555707813111566
2020-05-18 22:45:00,2391.5714372326247,11.867957965401825
2020-05-18 23:00:00,477.13557420008664,8.181749798143489
2020-05-18 23:15:00,55.79114151970253,5.533869568336245
2020-05-18 23:30:00,5.356161175680972,4.160237911672679
2020-05-18 23:45:00,0.0,0.15283252872045416
2020-05-19 00:00:00,0.0,0.5509764655438625
2020-05-19 00:15:00,0.0,0.37384143305749795
2020-05-19 00:30:00,0.0,2.0836457307723
2020-05-19 00:45:00,1.0866089142502993,3.6817423307702413
2020-05-19 01:00:00,401.34770747498857,7.891432919950518
2020-05-19 01:15:00,745.3817206900255,9.012504567059192
2020-05-19 01:30:00,184.02607688173129,6.771860560022484
2020-05-19 01:45:00,13.863130616038799,4.593001842994662
2020-05-19 02:00:00,82.28715442306171,5.884296178974605
2020-05-19 02:15:00,0.028597144824960327,3.2027854222806296
2020-05-19 02:30:00,349.4719905205266,7.67089349226678
2020-05-19 02:45:00,958.8532106900672,9.539028278203984
2020-05-19 03:00:00,333.0409235268029,7.596511742679593
2020-05-19 03:15:00,1.7438471065541594,3.798175956885493
2020-05-19 03:30:00,277.40451840976635,7.3248098428346555
2020-05-19 03:45:00,204.99090326845365,6.909975501338534
2020-05-19 04:00:00,890.2955586320714,9.37931296422507
2020-05-19 04:15:00,53.57066849388873,5.4997976867117995
2020-05-19 04:30:00,21.08105631379885,4.831864287155351
2020-05-19 04:45:00,62.535150020948144,5.632109212502303
2020-05-19 05:00:00,127.20416012146259,6.335003378110175
2020-05-19 05:15:00,83.00167127503617,5.892620450385548
2020-05-19 05:30:00,376.57413184188295,7.788645279538603
2020-05-19 05:45:00,74.85504459969661,5.79470645288352
2020-05-19 06:00:00,124.23854780036041,6.308882118359167
2020-05-19 06:15:00,263.817854263365,7.253018133965648
2020-05-19 06:30:00,655.4359042576992,8.760222367170291
2020-05-19 06:45:00,1315.8231582346903,10.266551375583264
2020-05-19 07:00:00,356.9715430988053,7.704069238306244
2020-05-19 07:15:00,33.86480351660083,5.145418526537324
2020-05-19 07:30:00,751.9726044737239,9.030174032331765
2020-05-19 07:45:00,1130.978686388938,9.908980709281737
2020-05-19 08:00:00,543.1582895277509,8.410507173924211
2020-05-19 08:15:00,2500.0,12.006369671850788
2020-05-19 08:30:00,2254.6565807886777,11.69539483656627
2020-05-19 08:45:00,2500.0,13.645009198105939
2020-05-19 09:00:00,2500.0,12.823237533343878
2020-05-19 09:15:00,2500.0,16.268357305049864
2020-05-19 09:30:00,2500.0,18.099728223589167
2020-05-19 09:45:00,2500.0,15.400248281850304
2020-05-19 10:00:00,2500.0,15.975305724721897
2020-05-19 10:15:00,2500.0,15.74543078312637
2020-05-19 10:30:00,2500.0,17.04727050356837
2020-05-19 10:45:00,2500.0,13.303885801549267
2020-05-19 11:00:00,2500.0,13.994047188008846
2020-05-19 11:15:00,2500.0,15.226593611308019
2020-05-19 11:30:00,1421.343613945965,10.455822050344029
2020-05-19 11:45:00,500.2477143708483,8.26410097074008
2020-05-19 12:00:00,27.885958561371577,5.010902585196788
2020-05-19 12:15:00,119.07540658169496,6.262394910464446
2020-05-19 12:30:00,777.4769482399909,9.097591794237402
2020-05-19 12:45:00,2500.0,12.633349992482927
2020-05-19 13:00:00,2500.0,12.229662945598024
2020-05-19 13:15:00,2500.0,15.030341306339475
2020-05-19 13:30:00,1719.293751337266,10.944121323601987
2020-05-19 13:45:00,293.04162684458197,7.40459125413544
2020-05-19 14:00:00,478.5214664915262,8.186761934236237
2020-05-19 14:15:00,974.5954927950816,9.574619740804302
2020-05-19 14:30:00,1018.004709070269,9.670818157413182
2020-05-19 14:45:00,61.97069294516512,5.624165917934822
2020-05-19 15:00:00,173.86673116989235,6.701132811382587
2020-05-19 15:15:00,26.417524792527722,4.974967171766558
2020-05-19 15:30:00,347.81066123296074,7.66348019321268
2020-05-19 15:45:00,699.2958161552755,8.885944325583075
2020-05-19 16:00:00,231.83600150570953,7.073703965912276
2020-05-19 16:15:00,160.0966877525111,6.600725012122204
2020-05-19 16:30:00,32.73661805454239,5.121324512343018
2020-05-19 16:45:00,94.48047928106843,6.020252152036564
2020-05-19 17:00:00,610.6430820768544,8.625895405598989
2020-05-19 17:15:00,148.09804222156905,6.508425662581288
2020-05-19 17:30:00,414.899754506836,7.945879895268888
2020-05-19 17:45:00,191.71921513416262,6.823705073971657
2020-05-19 18:00:00,50.64905724864919,5.4535013158721855
2020-05-19 18:15:00,75.86188697649138,5.807180813510983
2020-05-19 18:30:00,5.0848856037437296,4.140309919342082
2020-05-19 18:45:00,2.3350372733900993,3.8797523704588106
2020-05-19 19:00:00,0.0,2.35330341506977
2020-05-19 19:15:00,324.3048208287259,7.555964255187438
2020-05-19 19:30:00,270.1307673276893,7.286674662616028
2020-05-19 19:45:00,58.756559840628526,5.577990385155745
2020-05-19 20:00:00,108.35128605051116,6.161359340537366
2020-05-19 20:15:00,81.20399403384224,5.871584739935686
2020-05-19 20:30:00,47.917869928876065,5.4085833212035315
2020-05-19 20:45:00,175.78623655839095,6.71470328054744
2020-05-19 21:00:00,398.2004464571106,7.878613584628316
2020-05-19 21:15:00,100.53461510334078,6.083432032073594
2020-05-19 21:30:00,17.014561302905125,4.705569515994301
2020-05-19 21:45:00,7.805741531429177,4.315428444596678
2020-05-19 22:00:00,0.0,0.0
2020-05-19 22:15:00,0.0,0.0
2020-05-19 22:30:00,0.01893093382061858,3.176733896392325
2020-05-19 22:45:00,221.62657630238013,7.013005784265578
2020-05-19 23:00:00,83.79505588712883,5.901807762945669
2020-05-19 23:15:00,183.82229048157336,6.770467754170852
2020-05-19 23:30:00,195.26626178743393,6.847142241732021
2020-05-19 23:45:00,2500.0,12.439218625292082
2020-05-20 00:00:00,2500.0,12.442106599374679
2020-05-20 00:15:00,1156.2504908591152,9.96006266688493
2020-05-20 00:30:00,157.62942360331516,6.582132140298237
2020-05-20 00:45:00,0.0,2.934278225368929
2020-05-20 01:00:00,3.6692435214451344,4.022793639472276
2020-05-20 01:15:00,0.0,2.8909079037837135
2020-05-20 01:30:00,0.0,0.7960427878591165
2020-05-20 01:45:00,0.0,0.9136129766919598
2020-05-20 02:00:00,0.0,0.16178962232091365
2020-05-20 02:15:00,37.105523630945285,5.211780516809447
2020-05-20 02:30:00,250.0219202856863,7.1775520406271545
2020-05-20 02:45:00,190.99190817818027,6.818863737980437
2020-05-20 03:00:00,981.7354832095821,9.590636146512557
2020-05-20 03:15:00,660.5169215564,8.77506871304557
2020-05-20 03:30:00,132.22557320137187,6.3783216211593565
2020-05-20 03:45:00,951.715179129424,9.522761591210376
2020-05-20 04:00:00,1083.2782886179598,9.810450690557733
2020-05-20 04:15:00,205.93314774908683,6.915957104080498
2020-05-20 04:30:00,165.56306634776286,6.64124856905375
2020-05-20 04:45:00,33.46556691366636,5.1369543036253145
2020-05-20 05:00:00,0.007333425937825452,3.1288342924381265
2020-05-20 05:15:00,134.8811338490203,6.400788128436885
2020-05-20 05:30:00,1576.310365567992,10.7174960704198
2020-05-20 05:45:00,251.00274898848014,7.183007717627243
2020-05-20 06:00:00,632.2191144316191,8.691390447103515
2020-05-20 06:15:00,287.9432069891279,7.378897562419221
2020-05-20 06:30:00,194.9721186063705,6.845209531440918
2020-05-20 06:45:00,125.27123474561844,6.318024785917183
2020-05-20 07:00:00,51.14000898077469,5.461403269856094
2020-05-20 07:15:00,179.5205991020947,6.740823945983097
2020-05-20 07:30:00,86.23502425945095,5.9297039493247246
2020-05-20 07:45:00,337.0620743392468,7.614937278777285
2020-05-20 08:00:00,482.52135148809356,8.201173626785923
2020-05-20 08:15:00,504.6897219961035,8.279636144076136
2020-05-20 08:30:00,226.16355023480946,7.040204774455098
2020-05-20 08:45:00,199.42139430725567,6.874239125363802
2020-05-20 09:00:00,924.2679358163984,9.459443971255663
2020-05-20 09:15:00,1623.679949322011,10.79404033707291
2020-05-20 09:30:00,669.7710629338366,8.801914171521776
2020-05-20 09:45:00,980.7237459866267,9.588371353219738
2020-05-20 10:00:00,2081.3414538432216,11.466624219515367
2020-05-20 10:15:00,418.41060092544296,7.959791268068761
2020-05-20 10:30:00,1149.6433652848436,9.94678011272321
2020-05-20 10:45:00,718.0657319942968,8.93814193122617
2020-05-20 11:00:00,1569.9614727812932,10.707120895972123
2020-05-20 11:15:00,850.3244260503827,9.282377920098098
2020-05-20 11:30:00,112.6457515502333,6.2025858380142775
2020-05-20 11:45:00,9.375264385566066,4.398267771674479
2020-05-20 12:00:00,144.45934004228695,6.479453594693832
2020-05-20 12:15:00,524.7378734600846,8.348639289444458
2020-05-20 12:30:00,275.3765300602518,7.314245097722669
2020-05-20 12:45:00,1011.9096170259212,9.65747811828531
2020-05-20 13:00:00,170.25465665320527,6.675322948282218
2020-05-20 13:15:00,368.2069405485004,7.752912619781194
2020-05-20 13:30:00,111.12324593726179,6.188091759916061
2020-05-20 13:45:00,110.11945475089685,6.178463222661285
2020-05-20 14:00:00,319.71419906828544,7.534365052630404
2020-05-20 14:15:00,163.8957706216816,6.628984295233692
2020-05-20 14:30:00,204.23314527347722,6.905151753242304
2020-05-20 14:45:00,1095.3567869062406,9.835669253523832
2020-05-20 15:00:00,626.3226952754121,8.673641486274175
2020-05-20 15:15:00,1526.9266261173184,10.636046469330658
2020-05-20 15:30:00,435.7754202003251,8.027476894532256
2020-05-20 15:45:00,927.5814704718432,9.467153880143638
2020-05-20 16:00:00,2500.0,12.243447468075178
2020-05-20 16:15:00,123.68834270758632,6.303990298055063
2020-05-20 16:30:00,49.71019192255028,5.4382467453329575
2020-05-20 16:45:00,317.0216690632258,7.521600164036943
2020-05-20 17:00:00,284.3220075958525,7.360463600910792
2020-05-20 17:15:00,521.1342395885731,8.33636723871328
2020-05-20 17:30:00,221.02566584984766,7.009375594093936
2020-05-20 17:45:00,292.4942096073274,7.401846874839893
2020-05-20 18:00:00,242.03601831564094,7.132591770220465
2020-05-20 18:15:00,955.8389241459167,9.53216897478351
2020-05-20 18:30:00,868.6250192320252,9.327127963674023
2020-05-20 18:45:00,854.6566308985842,9.29302893633594
2020-05-20 19:00:00,359.3740566692909,7.714598864116542
2020-05-20 19:15:00,135.28849962056393,6.404208355542399
2020-05-20 19:30:00,56.516401257293545,5.544802053281822
2020-05-20 19:45:00,153.04137192985638,6.547034859363553
2020-05-20 20:00:00,58.19571805311617,5.569761689373861
2020-05-20 20:15:00,118.99628835349824,6.2616721972957174
2020-05-20 20:30:00,1320.0834566643969,10.274385337712895
2020-05-20 20:45:00,1526.107462051451,10.634680698880516
2020-05-20 21:00:00,556.8325179996319,8.455535293031193
2020-05-20 21:15:00,1151.5942671114801,9.950707367504542
2020-05-20 21:30:00,367.10070533521696,7.7481479860422215
2020-05-20 21:45:00,0.0,2.9190876975778037
2020-05-20 22:00:00,0.0,1.5751987409516808
2020-05-20 22:15:00,0.0,0.0
2020-05-20 22:30:00,0.0,0.031130471576775953
2020-05-20 22:45:00,0.0,1.5579847182712379
2020-05-20 23:00:00,86.63617217350397,5.934239720412947
2020-05-20 23:15:00,122.55979915005783,6.29391094581474
2020-05-20 23:30:00,50.60880013220507,5.452851109177941
2020-05-20 23:45:00,213.64872744402152,6.964264377960729
2020-05-21 00:00:00,0.0,1.9482181853578067
2020-05-21 00:15:00,0.13646535302515417,3.341405076251786
2020-05-21 00:30:00,47.51908585108407,5.401883095829818
2020-05-21 00:45:00,0.0,2.3638240431965
2020-05-21 01:00:00,53.84493606531243,5.504056526630986
2020-05-21 01:15:00,103.90252747782009,6.117486230352247
2020-05-21 01:30:00,30.35490972603052,5.068579207850827
2020-05-21 01:45:00,142.4317512814679,6.463097971383786
2020-05-21 02:00:00,1596.874199355867,10.750910841442764
2020-05-21 02:15:00,992.0398829246283,9.613614610166607
2020-05-21 02:30:00,737.7808270724853,8.991997564678938
2020-05-21 02:45:00,251.57768514731342,7.186199088369432
2020-05-21 03:00:00,35.93104718369827,5.188193875075232
2020-05-21 03:15:00,253.94599523423315,7.199294140832687
2020-05-21 03:30:00,40.9504673566143,5.2856801714491315
2020-05-21 03:45:00,79.78810088685964,5.854796896312669
2020-05-21 04:00:00,37.002942558307836,5.2097404232298
2020-05-21 04:15:00,177.66807354851713,6.727911877096642
2020-05-21 04:30:00,324.6582039056407,7.557618476906184
2020-05-21 04:45:00,988.0470221025089,9.604729634407317
2020-05-21 05:00:00,429.1437846687683,8.001843688204705
2020-05-21 05:15:00,296.0856152450848,7.419789739823443
2020-05-21 05:30:00,64.14007965997749,5.654436485885509
2020-05-21 05:45:00,56.690645153382555,5.5474146359393135
2020-05-21 06:00:00,249.58870223174605,7.175137802630528
2020-05-21 06:15:00,791.0160436795613,9.132783082822506
2020-05-21 06:30:00,254.59155919124717,7.202849514897345
2020-05-21 06:45:00,938.4751157115685,9.49237246302574
2020-05-21 07:00:00,2500.0,12.122703900801596
2020-05-21 07:15:00,2500.0,12.133560938202711
2020-05-21 07:30:00,2500.0,15.120111701816661
2020-05-21 07:45:00,2466.5921391946767,11.959730655754836
2020-05-21 08:00:00,687.8645528605608,8.853695802945635
2020-05-21 08:15:00,64.31572202555002,5.656857263312196
2020-05-21 08:30:00,1182.06332707484,10.011475504981902
2020-05-21 08:45:00,2044.5229388546993,11.416402610577329
2020-05-21 09:00:00,1767.051498171118,11.01700661743272
2020-05-21 09:15:00,2063.5546554170205,11.442437066787729
2020-05-21 09:30:00,725.9967994874498,8.959924277322514
2020-05-21 09:45:00,2500.0,14.391817775655445
2020-05-21 10:00:00,2500.0,13.58470483242724
2020-05-21 10:15:00,2500.0,13.00004784855959
2020-05-21 10:30:00,2500.0,13.839772582104313
2020-05-21 10:45:00,2500.0,13.95050264115806
2020-05-21 11:00:00,2500.0,13.52234410429639
2020-05-21 11:15:00,1889.8709181374597,11.198603568119498
2020-05-21 11:30:00,2500.0,12.096644707230285
2020-05-21 11:45:00,2500.0,15.543242848842077
2020-05-21 12:00:00,2500.0,16.87560634769834
2020-05-21 12:15:00,2500.0,18.292874466383445
2020-05-21 12:30:00,2500.0,15.061411618926405
2020-05-21 12:45:00,2356.26299243444,11.82410012505601
2020-05-21 13:00:00,1935.052232604245,11.263424637360336
2020-05-21 13:15:00,1896.510250577156,11.208193224007898
2020-05-21 13:30:00,2500.0,13.217203619341564
2020-05-21 13:45:00,747.2726171994451,9.017584480433825
2020-05-21 14:00:00,2500.0,12.486053229359575
2020-05-21 14:15:00,2106.0356805085157,11.499976952354038
2020-05-21 14:30:00,1296.1719327003327,10.230195561791344
2020-05-21 14:45:00,462.0099845469892,8.126405550558953
2020-05-21 15:00:00,42.89093201134614,5.3212272895135175
2020-05-21 15:15:00,500.30829979179737,8.264313475391763
2020-05-21 15:30:00,659.9148333583288,8.77331344246706
2020-05-21 15:45:00,128.89433809766686,6.349709308385327
2020-05-21 16:00:00,13.731436176622735,4.58794148240133
2020-05-21 16:15:00,37.36153927750361,5.216855709757674
2020-05-21 16:30:00,990.0034508970525,9.609086095044537
2020-05-21 16:45:00,658.0467999756185,8.76786075174676
2020-05-21 17:00:00,62.573765570175176,5.632650878157458
2020-05-21 17:15:00,83.04472078521772,5.893120457871424
2020-05-21 17:30:00,89.08470750935925,5.961626081440939
2020-05-21 17:45:00,0.0,1.1014693551538315
2020-05-21 18:00:00,0.0,2.9250922441887726
2020-05-21 18:15:00,1.6875085510070322,3.7894861228243544
2020-05-21 18:30:00,111.40888031843367,6.190821010327047
2020-05-21 18:45:00,1237.9730417741173,10.120320934733348
2020-05-21 19:00:00,2011.3157932597,11.370587254335163
2020-05-21 19:15:00,899.3369497125593,9.400835295730758
2020-05-21 19:30:00,122.62617422708617,6.294505469569557
2020-05-21 19:45:00,2054.1869293002665,11.429642572508108
2020-05-21 20:00:00,1150.2456028261442,9.94799291824457
2020-05-21 20:15:00,660.405143820714,8.774742927538268
2020-05-21 20:30:00,387.4918864916566,7.834483077371796
2020-05-21 20:45:00,329.609164421298,7.5806692313140704
2020-05-21 21:00:00,171.05228142042236,6.681053506222479
2020-05-21 21:15:00,34.50330744315738,5.158818258650066
2020-05-21 21:30:00,4.769872673034013,4.1162584734064165
2020-05-21 21:45:00,9.160487001551209,4.3875075686564635
2020-05-21 22:00:00,0.5175652566748916,3.5324157302740127
2020-05-21 22:15:00,0.0,2.5750345691867422
2020-05-21 22:30:00,0.5024424507547091,3.527178813499297
2020-05-21 22:45:00,0.3303878601559312,3.4584273643961883
2020-05-21 23:00:00,206.51803251138148,6.919660925315219
2020-05-21 23:15:00,0.0,1.0279114249319843
2020-05-21 23:30:00,9.167592135061229,4.387866206022667
2020-05-21 23:45:00,228.17283072562458,7.052134168380316
2020-05-22 00:00:00,0.0,2.2852171918509887
2020-05-22 00:15:00,0.0,2.4207000764191844
2020-05-22 00:30:00,0.0,2.47277747618148
2020-05-22 00:45:00,0.0,0.4555992115667076
2020-05-22 01:00:00,0.0,0.3251576828945204
2020-05-22 01:15:00,0.0,0.0
2020-05-22 01:30:00,21.270468374044068,4.837334334924467
2020-05-22 01:45:00,204.52634385841324,6.907019614417686
2020-05-22 02:00:00,764.463828632155,9.063380465946029
2020-05-22 02:15:00,946.9927315576884,9.511954965288368
2020-05-22 02:30:00,108.85916536031657,6.166291098229026
2020-05-22 02:45:00,30.766459620246703,5.077885828375443
2020-05-22 03:00:00,133.69765479231543,6.390812454464845
2020-05-22 03:15:00,2.813962109881465,3.9361998955330444
2020-05-22 03:30:00,106.13731706433413,6.139678711901892
2020-05-22 03:45:00,77.62918298343979,5.828812603874565
2020-05-22 04:00:00,47.24313511180344,5.397224696954152
2020-05-22 04:15:00,277.0777717879829,7.323111153617869
2020-05-22 04:30:00,480.93301663761713,8.195460382869237
2020-05-22 04:45:00,264.0391079842176,7.254206748427496
2020-05-22 05:00:00,1029.1941784701926,9.695170072456822
2020-05-22 05:15:00,216.65006008788248,6.982741424186871
2020-05-22 05:30:00,582.4358736889379,8.537901310393073
2020-05-22 05:45:00,1004.2460749770365,9.640629049183584
2020-05-22 06:00:00,624.0246869187496,8.66669402718381
2020-05-22 06:15:00,863.7057547553875,9.315161251203351
2020-05-22 06:30:00,169.8789856928819,6.67261772834858
2020-05-22 06:45:00,829.2540112434939,9.230052410644086
2020-05-22 07:00:00,689.3829756628279,8.85799987363856
2020-05-22 07:15:00,422.5139947518494,7.975952271703124
2020-05-22 07:30:00,1478.3595321012374,10.554212461824582
2020-05-22 07:45:00,705.210462645793,8.902492204881991
2020-05-22 08:00:00,133.13105796342387,6.38601570123037
2020-05-22 08:15:00,8.889010255164939,4.373663342872259
2020-05-22 08:30:00,279.01655764788023,7.333171040386862
2020-05-22 08:45:00,65.42166339487778,5.671999467660118
2020-05-22 09:00:00,1515.3396023077496,10.616682123180327
2020-05-22 09:15:00,139.4077518900905,6.438413852403958
2020-05-22 09:30:00,1823.1743125873143,11.10099885843069
2020-05-22 09:45:00,2047.9488354284604,11.421100957602762
2020-05-22 10:00:00,1791.1818927928364,11.053334472099122
2020-05-22 10:15:00,1136.133188638716,9.919460833502232
2020-05-22 10:30:00,1775.723929114507,11.030100652470914
2020-05-22 10:45:00,1720.802511082574,10.946444422091565
2020-05-22 11:00:00,2500.0,13.178339066424616
2020-05-22 11:15:00,2500.0,12.767204249823957
2020-05-22 11:30:00,2500.0,12.552331993075173
2020-05-22 11:45:00,2011.577673424,11.370950531555719
2020-05-22 12:00:00,1856.6435387484592,11.1502703858458
2020-05-22 12:15:00,2269.448875868151,11.714369577591992
2020-05-22 12:30:00,443.90632531238094,8.058552764321508
2020-05-22 12:45:00,112.8941050543562,6.204937723138317
2020-05-22 13:00:00,766.25523702862,9.068112984262678
2020-05-22 13:15:00,1127.4344658818852,9.901756118518032
2020-05-22 13:30:00,1052.9765209836175,9.746347935851402
2020-05-22 13:45:00,1181.2073281277403,10.009782627551127
2020-05-22 14:00:00,1637.8542931844204,10.81665470414381
2020-05-22 14:15:00,971.6077472038419,9.567894421242269
2020-05-22 14:30:00,475.24326284988575,8.174890479103311
2020-05-22 14:45:00,779.7741004099036,9.10359125339303
2020-05-22 15:00:00,283.88434524445563,7.358225069998847
2020-05-22 15:15:00,690.2222938343895,8.860376265236606
2020-05-22 15:30:00,63.009976693438496,5.6387542525059455
2020-05-22 15:45:00,666.9479597569876,8.793750949545952
2020-05-22 16:00:00,1094.6137011864014,9.834123140167105
2020-05-22 16:15:00,1213.3574895206627,10.072811737401711
2020-05-22 16:30:00,2208.458095062097,11.635594231707605
2020-05-22 16:45:00,2500.0,14.03654803906327
2020-05-22 17:00:00,2500.0,14.355758015551489
2020-05-22 17:15:00,672.2395163058371,8.80903311955582
2020-05-22 17:30:00,91.58314908775878,5.98905815064397
2020-05-22 17:45:00,39.83883351036328,5.264807934087759
2020-05-22 18:00:00,92.61121262761218,6.0002010828998
2020-05-22 18:15:00,300.01372114655385,7.439249411277674
2020-05-22 18:30:00,83.79048130317018,5.901754956310583
2020-05-22 18:45:00,159.14765614757312,6.593596035985304
2020-05-22 19:00:00,33.51396197381247,5.137983901409353
2020-05-22 19:15:00,8.489256538975487,4.352754723808471
2020-05-22 19:30:00,0.0,2.16057869301087
2020-05-22 19:45:00,0.0,1.5427077301954855
2020-05-22 20:00:00,0.0,0.20533244936407247
2020-05-22 20:15:00,0.0,0.0
2020-05-22 20:30:00,1.9636237048514407,3.8303896522096563
2020-05-22 20:45:00,0.0,2.4828365345009953
2020-05-22 21:00:00,623.8137878004856,8.666055571975967
2020-05-22 21:15:00,629.1877535417813,8.682279520199781
2020-05-22 21:30:00,440.6285939487838,8.046071486361742
2020-05-22 21:45:00,52.76277945168389,5.487167657794748
2020-05-22 22:00:00,186.6417451107128,6.789647093756332
2020-05-22 22:15:00,33.11715513860271,5.1295124365031475
2020-05-22 22:30:00,44.30562666125829,5.346472494527718
2020-05-22 22:45:00,1368.3900583409709,10.36205645249537
2020-05-22 23:00:00,586.9258881913288,8.55209551036998
2020-05-22 23:15:00,1064.609972583712,9.771101903827688
2020-05-22 23:30:00,206.37139436868748,6.918732987152961
2020-05-22 23:45:00,118.98768055294761,6.261593549182339
2020-05-23 00:00:00,907.5327603048188,9.420220494499723
2020-05-23 00:15:00,195.1903229914539,6.84664346085846
2020-05-23 00:30:00,1145.6446922854018,9.938716693274417
2020-05-23 00:45:00,1132.6016399972286,9.91228392387835
2020-05-23 01:00:00,287.2807356016924,7.375536804905888
2020-05-23 01:15:00,432.6283172474608,8.015345088266884
2020-05-23 01:30:00,806.5879682526715,9.172765135446147
2020-05-23 01:45:00,863.2639612012655,9.314084312922327
2020-05-23 02:00:00,30.187356236748396,5.064766125130037
2020-05-23 02:15:00,1.8585536827020965,3.8153064469809723
2020-05-23 02:30:00,2.8638805831264333,3.9417034067453107
2020-05-23 02:45:00,9.836836435076549,4.420848118696289
2020-05-23 03:00:00,111.68775036083196,6.193481130334956
2020-05-23 03:15:00,159.696936656013,6.597725588292535
2020-05-23 03:30:00,2.5508502481093047,3.9060611190685455
2020-05-23 03:45:00,53.99152169200207,5.506326787219401
2020-05-23 04:00:00,243.7453914717742,7.142297730962392
2020-05-23 04:15:00,494.06474755452206,8.24232323687875
2020-05-23 04:30:00,1233.6086463706595,10.111943669289007
2020-05-23 04:45:00,1746.3141025189511,10.9855216896573
2020-05-23 05:00:00,1695.1700542101466,10.906791083046041
2020-05-23 05:15:00,1103.550455702691,9.85267136388186
2020-05-23 05:30:00,91.95141047858107,5.9930591872590195
2020-05-23 05:45:00,319.27197925055907,7.532273485318165
2020-05-23 06:00:00,489.2710357303754,8.22531338543224
2020-05-23 06:15:00,703.2746444103165,8.89708643188375
2020-05-23 06:30:00,126.48372016345107,6.328695355954846
2020-05-23 06:45:00,26.585313516453475,4.979139630738124
2020-05-23 07:00:00,527.6368413058725,8.358470907256207
2020-05-23 07:15:00,599.8710256031452,8.59261772856021
2020-05-23 07:30:00,1307.3180572772364,10.250861224696028
2020-05-23 07:45:00,1256.3974956408285,10.155470472238441
2020-05-23 08:00:00,1248.0222467603005,10.139535360098517
2020-05-23 08:15:00,2492.4684617926623,11.99095306307975
2020-05-23 08:30:00,1401.6147301428477,10.421164485406061
2020-05-23 08:45:00,1497.51223322008,10.586695138048118
2020-05-23 09:00:00,996.1926478548252,9.622830151073085
2020-05-23 09:15:00,754.7480549913814,9.037583832831713
2020-05-23 09:30:00,707.6034119123265,8.909160861212763
2020-05-23 09:45:00,1131.0112259427758,9.909046968412413
2020-05-23 10:00:00,829.5628207411871,9.230825660079699
2020-05-23 10:15:00,2500.0,12.245055089853569
2020-05-23 10:30:00,1212.1834525709385,10.070529798773704
2020-05-23 10:45:00,1164.3471858828327,9.976270941030492
2020-05-23 11:00:00,904.5384437571664,9.413151749100479
2020-05-23 11:15:00,2500.0,12.797073599080445
2020-05-23 11:30:00,2500.0,12.665746567654113
2020-05-23 11:45:00,2500.0,14.241254237125956
2020-05-23 12:00:00,1335.3133581930153,10.302253481113159
2020-05-23 12:15:00,1781.8036785225988,11.03925473823354
2020-05-23 12:30:00,2500.0,12.785570753330717
2020-05-23 12:45:00,2500.0,12.37478913820704
2020-05-23 13:00:00,2500.0,14.031441536896054
2020-05-23 13:15:00,2499.8152786370965,11.999778328904775
2020-05-23 13:30:00,2500.0,14.401625036198634
2020-05-23 13:45:00,2500.0,17.829404978901913
2020-05-23 14:00:00,2500.0,14.869549818486693
2020-05-23 14:15:00,2500.0,12.593435319099454
2020-05-23 14:30:00,2500.0,14.756147512643379
2020-05-23 14:45:00,2500.0,16.477924958137137
2020-05-23 15:00:00,2500.0,13.431284164243262
2020-05-23 15:15:00,2072.514639644497,11.454638485587013
2020-05-23 15:30:00,1332.0696088333177,10.296335797505925
2020-05-23 15:45:00,273.9620636162523,7.306845734326085
2020-05-23 16:00:00,93.59532322509423,6.010790631718696
2020-05-23 16:15:00,22.64679796588371,4.876137979355952
2020-05-23 16:30:00,11.503512007462072,4.496945502976288
2020-05-23 16:45:00,63.04014119560351,5.639175265252655
2020-05-23 17:00:00,206.1429362064485,6.917286408920805
2020-05-23 17:15:00,1381.1407738355776,10.384852443205823
2020-05-23 17:30:00,345.82253181059474,7.6545775291927765
2020-05-23 17:45:00,1008.0274480972606,9.64895345141645
2020-05-23 18:00:00,598.689384922136,8.588943156157177
2020-05-23 18:15:00,459.50490476770267,8.117123402314741
2020-05-23 18:30:00,808.4036231773507,9.17739336067669
2020-05-23 18:45:00,119.6424575799249,6.2675653469627886
2020-05-23 19:00:00,251.42423262597785,7.185347776168374
2020-05-23 19:15:00,280.69634953901505,7.34184945854978
2020-05-23 19:30:00,441.96549648680457,8.05116972904253
2020-05-23 19:45:00,452.483385977088,8.090925235455073
2020-05-23 20:00:00,2500.0,12.403054194100253
2020-05-23 20:15:00,813.3422415410535,9.189947268308753
2020-05-23 20:30:00,238.32856129978083,7.111382380127494
2020-05-23 20:45:00,49.33203116246965,5.432048168857822
2020-05-23 21:00:00,8.52754370075375,4.3547853480304655
2020-05-23 21:15:00,0.22442123641391964,3.402980307063119
2020-05-23 21:30:00,129.96085728249446,6.358922851991419
2020-05-23 21:45:00,691.4637341176262,8.863887670077668
2020-05-23 22:00:00,161.50318380789403,6.611238756037453
2020-05-23 22:15:00,11.371359633637715,4.4911911063670145
2020-05-23 22:30:00,60.16724276114909,5.598459046914503
2020-05-23 22:45:00,7.777353905105497,4.313831874066592
2020-05-23 23:00:00,73.38746091654804,5.7763217404301574
2020-05-23 23:15:00,86.73541130124846,5.935359654001065
2020-05-23 23:30:00,0.0,2.60857803253163
2020-05-23 23:45:00,135.91708211143103,6.409472464601457
2020-05-24 00:00:00,974.270922805386,9.57388981021313
2020-05-24 00:15:00,216.62187685034345,6.982568716464608
2020-05-24 00:30:00,62.63890808053281,5.633564136332893
2020-05-24 00:45:00,97.76990670703762,6.0549040445581435
2020-05-24 01:00:00,143.18821048536512,6.469218021144323
2020-05-24 01:15:00,298.7878867240278,7.433195006868419
2020-05-24 01:30:00,1652.927369458286,10.840560256746448
2020-05-24 01:45:00,698.6124877719955,8.884026518410053
2020-05-24 02:00:00,124.09200340120167,6.3075806196754485
2020-05-24 02:15:00,0.18953443108900145,3.3809124887834554
2020-05-24 02:30:00,0.0,2.6708048272262124
2020-05-24 02:45:00,0.7931605583257288,3.613832025485404
2020-05-24 03:00:00,422.6131257771743,7.976341397021581
2020-05-24 03:15:00,141.44758674289685,6.455103175034296
2020-05-24 03:30:00,207.2822802262823,6.9244900504857885
2020-05-24 03:45:00,192.0624457885208,6.825985545054039
2020-05-24 04:00:00,825.9128391336882,9.22167391777518
2020-05-24 04:15:00,2500.0,13.632170523532853
2020-05-24 04:30:00,1542.2696831456728,10.661537772996972
2020-05-24 04:45:00,642.9849570932952,8.72351436811864
2020-05-24 05:00:00,1442.9128776492928,10.49334755365027
2020-05-24 05:15:00,1800.5669029738724,11.067375295474722
2020-05-24 05:30:00,2500.0,13.85868845787807
2020-05-24 05:45:00,2500.0,13.34683390713828
2020-05-24 06:00:00,1864.3600941934942,11.161546124805964
2020-05-24 06:15:00,2174.118322149248,11.590601336439205
2020-05-24 06:30:00,2500.0,12.985060101950113
2020-05-24 06:45:00,2500.0,13.441672396146085
2020-05-24 07:00:00,2500.0,13.190486198590552
2020-05-24 07:15:00,2500.0,14.187488119385872
2020-05-24 07:30:00,2500.0,15.142860284420067
2020-05-24 07:45:00,2500.0,16.287551043859434
2020-05-24 08:00:00,2500.0,15.669899256420972
2020-05-24 08:15:00,2500.0,13.65140401791978
2020-05-24 08:30:00,2500.0,12.908996983095491
2020-05-24 08:45:00,2500.0,14.548954265565452
2020-05-24 09:00:00,2248.203188674958,11.687090775770832
2020-05-24 09:15:00,2500.0,12.088905342730554
2020-05-24 09:30:00,1675.9230936606812,10.876752540424533
2020-05-24 09:45:00,1690.5383242505643,10.899583246462841
2020-05-24 10:00:00,2500.0,13.438602023256559
2020-05-24 10:15:00,2500.0,13.061184428970135
2020-05-24 10:30:00,2500.0,12.523908036906615
2020-05-24 10:45:00,877.1115464197362,9.347666714086403
2020-05-24 11:00:00,1992.9977567003384,11.345098038842401
2020-05-24 11:15:00,2500.0,12.546448595474484
2020-05-24 11:30:00,2500.0,16.423708958717704
2020-05-24 11:45:00,2500.0,14.192582362027201
2020-05-24 12:00:00,2500.0,13.677604569945851
2020-05-24 12:15:00,2500.0,13.366667336099416
2020-05-24 12:30:00,2500.0,15.790404540116906
2020-05-24 12:45:00,2500.0,14.123013745632623
2020-05-24 13:00:00,2500.0,13.682281063503936
2020-05-24 13:15:00,2500.0,14.005735917164108
2020-05-24 13:30:00,2500.0,13.360318713921728
2020-05-24 13:45:00,2188.7480258230053,11.609827076968525
2020-05-24 14:00:00,2203.9408605401627,11.629702393809243
2020-05-24 14:15:00,2500.0,13.363810664346335
2020-05-24 14:30:00,1353.6965015147734,10.335610701258686
2020-05-24 14:45:00,1441.17863009696,10.490344247000172
2020-05-24 15:00:00,699.1218123848071,8.885456090875563
2020-05-24 15:15:00,2108.3026736966513,11.503025726271034
2020-05-24 15:30:00,390.6066808941419,7.847402274138204
2020-05-24 15:45:00,247.5340795470088,7.163649595494077
2020-05-24 16:00:00,571.2691515065166,8.502280977633715
2020-05-24 16:15:00,2304.8997437854027,11.759510813469301
2020-05-24 16:30:00,1577.4779662313028,10.7194010949179
2020-05-24 16:45:00,723.7847159267211,8.95386490099893
2020-05-24 17:00:00,2500.0,12.53145382775135
2020-05-24 17:15:00,515.696266588988,8.317740849926562
2020-05-24 17:30:00,1.8002860488183319,3.8066955821347355
2020-05-24 17:45:00,80.80046205217027,5.866820191629282
2020-05-24 18:00:00,45.381798620107986,5.3653191140519905
2020-05-24 18:15:00,2.6447778130068427,3.9170483578845365
2020-05-24 18:30:00,123.73601710197468,6.304414739841047
2020-05-24 18:45:00,217.75909790015,6.989525783044834
2020-05-24 19:00:00,75.09933412510478,5.797743327584248
2020-05-24 19:15:00,0.37222323779728583,3.477013130773011
2020-05-24 19:30:00,102.73807848043178,6.1057964281427495
2020-05-24 19:45:00,302.4490965820268,7.451228992926945
2020-05-24 20:00:00,195.1402981080521,6.846314816949995
2020-05-24 20:15:00,1317.1449134270583,10.268983664901537
2020-05-24 20:30:00,186.47707176249702,6.788532235093756
2020-05-24 20:45:00,0.2215987428683156,3.4012837783342684
2020-05-24 21:00:00,0.0,2.6603883732220144
2020-05-24 21:15:00,0.22031048044573728,3.400504646599232
2020-05-24 21:30:00,10.801109958665108,4.4658357260969925
2020-05-24 21:45:00,6.154675448994714,4.215246070259191
2020-05-24 22:00:00,36.65502781335986,5.202793016692064
2020-05-24 22:15:00,0.0,2.666911386652803
2020-05-24 22:30:00,119.48829981450835,6.266161338488272
2020-05-24 22:45:00,69.11525635773059,5.7213672099450426
2020-05-24 23:00:00,362.9821629900396,7.730324503210301
2020-05-24 23:15:00,330.062052016457,7.5827662389999695
2020-05-24 23:30:00,357.583851467194,7.706757310332899
2020-05-24 23:45:00,434.54017460640176,8.022722116866628
2020-05-25 00:00:00,430.42755435587736,8.006826340642336
2020-05-25 00:15:00,538.9947809305968,8.396647188468913
2020-05-25 00:30:00,1205.3032431254412,10.057127246872735
2020-05-25 00:45:00,730.6791547102808,8.972709779889163
2020-05-25 01:00:00,841.5830337491702,9.260775971079019
2020-05-25 01:15:00,401.17363272684275,7.890725637902587
2020-05-25 01:30:00,1186.713156461704,10.020657051836611
2020-05-25 01:45:00,274.794628379286,7.311204125842717
2020-05-25 02:00:00,1392.5211411116643,10.40508029977687
2020-05-25 02:15:00,714.2065546079996,8.927484819594799
2020-05-25 02:30:00,34.25921291353934,5.153715334441902
2020-05-25 02:45:00,65.59315477563467,5.674332156105573
2020-05-25 03:00:00,10.837331227672843,4.467472446470353
2020-05-25 03:15:00,175.8858191440317,6.715404605698228
2020-05-25 03:30:00,44.726393637122165,5.353877190067944
2020-05-25 03:45:00,22.31876634530875,4.867035468477524
2020-05-25 04:00:00,0.0,1.6945408553843553
2020-05-25 04:15:00,0.0,2.4046998896138927
2020-05-25 04:30:00,0.0,0.0
2020-05-25 04:45:00,0.0,0.0
2020-05-25 05:00:00,0.0,2.6874336083775523
2020-05-25 05:15:00,76.17623830586469,5.811052871832863
2020-05-25 05:30:00,279.7110461274621,7.3367632334266535
2020-05-25 05:45:00,65.98726292865241,5.679677593111917
2020-05-25 06:00:00,136.9032000214961,6.417698174277649
2020-05-25 06:15:00,233.15124359993177,7.081393031503644
2020-05-25 06:30:00,41.42514446027188,5.29447774894432
2020-05-25 06:45:00,909.1776437330597,9.424096990181603
2020-05-25 07:00:00,1834.9210668326957,11.118359933352162
2020-05-25 07:15:00,1259.6934116867073,10.161722006881341
2020-05-25 07:30:00,1196.5512122534017,10.040004502764665
2020-05-25 07:45:00,1371.7067210485511,10.367999630520655
2020-05-25 08:00:00,106.71084163937947,6.1453237550559745
2020-05-25 08:15:00,191.77600217098723,6.824082562556796
2020-05-25 08:30:00,143.5920099230602,6.47247609547916
2020-05-25 08:45:00,62.18104416415367,5.627131691427477
2020-05-25 09:00:00,148.73975519382157,6.513485730076797
2020-05-25 09:15:00,1978.9239151756344,11.32540824669801
2020-05-25 09:30:00,2500.0,12.41066792039046
2020-05-25 09:45:00,1610.8619802619946,10.773476387003772
